Team_2020,Player,Position_2020
Rams,Aaron Donald,RE
Patriots,Stephon Gilmore,CB
Panthers,Christian McCaffrey,HB
Chiefs,Patrick Mahomes,QB
Saints,Michael Thomas,WR
Cardinals,DeAndre Hopkins,WR
Texans,J.J. Watt,LE
Cowboys,Zack Martin,RG
49ers,George Kittle,TE
Seahawks,Bobby Wagner,MLB
Seahawks,Russell Wilson,QB
Chiefs,Travis Kelce,TE
Bears,Khalil Mack,LOLB
Broncos,Von Miller,LOLB
Falcons,Julio Jones,WR
Saints,Cameron Jordan,LE
Eagles,Fletcher Cox,DT
Chiefs,Tyreek Hill,WR
Packers,David Bakhtiari,LT
Chiefs,Mitchell Schwartz,RT
Vikings,Harrison Smith,SS
Buccaneers,Rob Gronkowski,TE
Cardinals,Chandler Jones,LOLB
Ravens,Calais Campbell,RE
Saints,Terron Armstead,LT
Rams,Jalen Ramsey,CB
Packers,Davante Adams,WR
Ravens,Lamar Jackson,QB
Eagles,Jason Kelce,C
Colts,Quenton Nelson,LG
Saints,Drew Brees,QB
Cowboys,Amari Cooper,WR
Eagles,Brandon Brooks,RG
Chiefs,Tyrann Mathieu,SS
Ravens,Ronnie Stanley,LT
Browns,Myles Garrett,RE
Titans,Derrick Henry,HB
Raiders,Rodney Hudson,C
Jets,Jamal Adams,SS
Bills,Stefon Diggs,WR
49ers,Richard Sherman,CB
Buccaneers,Mike Evans,WR
Cowboys,Ezekiel Elliott,HB
Chiefs,Chris Jones,DT
Patriots,Devin McCourty,FS
Browns,Nick Chubb,HB
49ers,Trent Williams,LT
Vikings,Dalvin Cook,HB
Steelers,David DeCastro,RG
Giants,Saquon Barkley,HB
Browns,Odell Beckham Jr,WR
Chargers,Joey Bosa,LE
Chargers,Keenan Allen,WR
Saints,Ryan Ramczyk,RT
Vikings,Michael Pierce,DT
Titans,Kevin Byard,FS
Cowboys,Tyron Smith,LT
Raiders,Richie Incognito,LG
Vikings,Adam Thielen,WR
Buccaneers,Tom Brady,QB
Packers,Aaron Jones,HB
Falcons,Grady Jarrett,DT
Eagles,Zach Ertz,TE
Steelers,Cameron Heyward,RE
Bills,Tre'Davious White,CB
Broncos,Justin Simmons,FS
Buccaneers,Lavonte David,MLB
Packers,Kenny Clark,DT
Packers,Jaire Alexander,CB
Ravens,Marlon Humphrey,CB
Packers,Aaron Rodgers,QB
Rams,Cooper Kupp,WR
Saints,Demario Davis,ROLB
49ers,Nick Bosa,RE
Bears,Allen Robinson II,WR
Bengals,Joe Mixon,HB
Browns,Austin Hooper,TE
Falcons,Alex Mack,C
Chargers,Derwin James Jr,SS
Chargers,Casey Hayward Jr,CB
Bears,Eddie Jackson,FS
Buccaneers,Ali Marpet,LG
Cowboys,DeMarcus Lawrence,LE
Eagles,Lane Johnson,RT
Vikings,Danielle Hunter,LE
Vikings,Eric Kendricks,MLB
Ravens,Earl Thomas III,FS
Buccaneers,Chris Godwin,WR
Chargers,Bryan Bulaga,RT
Giants,Evan Engram,TE
Packers,Za'Darius Smith,LOLB
Cardinals,Patrick Peterson,CB
Bears,Akiem Hicks,LE
Patriots,Dont'a Hightower,MLB
Bills,Micah Hyde,FS
Raiders,Josh Jacobs,HB
Seahawks,Tyler Lockett,WR
Dolphins,Byron Jones,CB
Bengals,A.J. Green,WR
Eagles,Darius Slay Jr,CB
Bengals,Geno Atkins,DT
Saints,Alvin Kamara,HB
Chargers,Melvin Ingram III,RE
49ers,Fred Warner,MLB
Jets,Le'Veon Bell,HB
Colts,DeForest Buckner,DT
Jaguars,Brandon Linder,C
Patriots,Julian Edelman,WR
Browns,Kareem Hunt,HB
Buccaneers,Vita Vea,DT
Cowboys,La'el Collins,RT
Redskins,Brandon Scherff,RG
Chargers,Desmond King II,CB
Falcons,Matt Ryan,QB
Colts,T.Y. Hilton,WR
Eagles,Brandon Graham,LE
Panthers,Kawann Short,DT
Saints,Emmanuel Sanders,WR
Steelers,Stephon Tuitt,LE
Chargers,Chris Harris Jr,CB
Broncos,Kareem Jackson,SS
Ravens,Justin Tucker,K
Steelers,Minkah Fitzpatrick,FS
Raiders,Trent Brown,RT
Saints,Jared Cook,TE
Seahawks,Chris Carson,HB
Browns,Joel Bitonio,LG
Rams,Robert Woods,WR
Ravens,Mark Andrews,TE
Steelers,T.J. Watt,LOLB
49ers,Arik Armstead,LE
Packers,Adrian Amos,SS
Buccaneers,Ndamukong Suh,RE
Lions,Kenny Golladay,WR
Patriots,Shaq Mason,RG
Redskins,Matthew Ioannidis,DT
Seahawks,Greg Olsen,TE
Texans,Deshaun Watson,QB
Lions,Trey Flowers,RE
Browns,Denzel Ward,CB
Falcons,Todd Gurley II,HB
Ravens,Mark Ingram II,HB
Ravens,Brandon Williams,DT
Steelers,JuJu Smith-Schuster,WR
49ers,Kyle Juszczyk,FB
Saints,Marshon Lattimore,CB
Cardinals,Budda Baker,FS
Redskins,Kendall Fuller,FS
Dolphins,Kyle Van Noy,LOLB
Falcons,Deion Jones,MLB
Rams,Johnny Hekker,P
Rams,Andrew Whitworth,LT
Steelers,Maurkice Pouncey,C
Saints,Malcolm Jenkins,SS
Saints,Marcus Williams,FS
Browns,Jarvis Landry,WR
Colts,Ryan Kelly,C
Cowboys,Gerald McCoy,DT
Bears,Kyle Fuller,CB
Ravens,Marcus Peters,CB
Patriots,Jason McCourty,CB
Broncos,Phillip Lindsay,HB
Panthers,D.J. Moore,WR
49ers,Dee Ford,LE
49ers,Mike McGlinchey,RT
Chargers,Austin Ekeler,HB
Chargers,Linval Joseph,DT
Colts,Anthony Castonzo,LT
Colts,Justin Houston,RE
Giants,Kevin Zeitler,RG
Lions,Marvin Jones Jr,WR
Bills,Jordan Poyer,SS
Buccaneers,Shaquil Barrett,ROLB
Chargers,Hunter Henry,TE
Raiders,Darren Waller,TE
Colts,Marlon Mack,HB
Colts,Darius Leonard,LOLB
Jaguars,Josh Lambo,K
Jets,C.J. Mosley,MLB
Patriots,Joe Thuney,LG
Texans,Brandin Cooks,WR
Texans,Laremy Tunsil,LT
Bears,Eddie Goldman,DT
Seahawks,Shaquill Griffin,CB
Broncos,Jurrell Casey,RE
Packers,Preston Smith,ROLB
Seahawks,Duane Brown,LT
Titans,Rodger Saffold III,LG
Texans,Justin Reid,FS
49ers,Raheem Mostert,HB
Eagles,Alshon Jeffery,WR
Titans,Brett Kern,P
Eagles,Carson Wentz,QB
Giants,Golden Tate III,WR
Patriots,David Andrews,C
Falcons,Keanu Neal,SS
Lions,Justin Coleman,CB
Cowboys,Dak Prescott,QB
Broncos,Melvin Gordon III,HB
Broncos,Courtland Sutton,WR
Dolphins,DeVante Parker,WR
Ravens,Sam Koch,P
Redskins,Ryan Kerrigan,LE
Steelers,Eric Ebron,TE
Titans,Taylor Lewan,LT
Vikings,Kyle Rudolph,TE
Broncos,A.J. Bouye,CB
Rams,John Johnson III,SS
Bengals,D.J. Reader,DT
Jets,Avery Williamson,MLB
Panthers,Robby Anderson,WR
Bengals,Tyler Boyd,WR
49ers,Tevin Coleman,HB
Jaguars,Leonard Fournette,HB
Jaguars,Andrew Norwell,LG
Redskins,Tress Way,P
Saints,Thomas Morstead,P
Bears,Roquan Smith,MLB
Ravens,Jimmy Smith,CB
49ers,Jimmy Garoppolo,QB
49ers,Jimmie Ward,FS
Eagles,DeSean Jackson,WR
Falcons,Calvin Ridley,WR
Steelers,Joe Haden,CB
Patriots,Jonathan Jones,CB
Cardinals,Larry Fitzgerald,WR
Cowboys,Leighton Vander Esch,LOLB
Lions,Jamie Collins,LOLB
Ravens,Orlando Brown Jr,RT
Ravens,Matthew Judon,LOLB
Titans,Adoree' Jackson,CB
Vikings,Anthony Harris,FS
Chiefs,Frank Clark,RE
Jaguars,Yannick Ngakoue,RE
Lions,Frank Ragnow,C
Rams,Michael Brockers,LE
Redskins,Da'Ron Payne,DT
Lions,Matthew Stafford,QB
Bills,Cole Beasley,WR
Lions,Desmond Trufant,CB
Patriots,Patrick Chung,SS
Chiefs,Damien Williams,HB
Bengals,Carlos Dunlap,LE
Bills,John Brown,WR
Bills,Mitch Morse,C
Dolphins,Xavien Howard,CB
Colts,Malik Hooker,FS
Raiders,Damarious Randall,FS
Steelers,Alejandro Villanueva,LT
49ers,Kwon Alexander,LOLB
Vikings,Kirk Cousins,QB
Browns,Olivier Vernon,LE
Lions,Kerryon Johnson,HB
Colts,Braden Smith,RT
Eagles,Jason Peters,RG
Jaguars,Joe Schobert,MLB
Panthers,Donte Jackson,CB
Eagles,Nickell Robey-Coleman,CB
Bills,Devin Singletary,HB
Patriots,James White,HB
Chiefs,Harrison Butker,K
Rams,Tyler Higbee,TE
Steelers,Chris Boswell,K
49ers,Robbie Gould,K
Raiders,Lamarcus Joyner,CB
Cowboys,Chidobe Awuzie,CB
Patriots,JC Jackson,CB
Colts,Philip Rivers,QB
Cardinals,Kenyan Drake,HB
Buccaneers,Ryan Jensen,C
Eagles,Javon Hargrave,DT
Giants,Sterling Shepard,WR
Raiders,Tyrell Williams,WR
Redskins,Jonathan Allen,DT
Saints,Sheldon Rankins,DT
Texans,Will Fuller V,WR
Texans,Benardrick McKinney,MLB
Titans,Harold Landry III,ROLB
Bears,Robert Quinn,ROLB
Bills,Jerry Hughes,RE
Redskins,Terry McLaurin,WR
Steelers,Ben Roethlisberger,QB
Steelers,Mike Hilton,CB
Titans,A.J. Brown,WR
Bears,Charles Leno Jr,LT
49ers,Jaquiski Tartt,SS
Browns,Sheldon Richardson,DT
Steelers,James Conner,HB
Chargers,Mike Williams,WR
Cowboys,Chris Jones,P
Cowboys,Jaylon Smith,MLB
Eagles,Dallas Goedert,TE
Falcons,Dante Fowler Jr,RE
Ravens,Patrick Ricard,FB
Bears,Cody Whitehair,C
Bills,Ed Oliver,DT
Broncos,Bradley Chubb,ROLB
Jets,Marcus Maye,FS
Steelers,Steven Nelson,CB
Falcons,Ricardo Allen,SS
Colts,Jack Doyle,TE
Jaguars,Myles Jack,ROLB
Lions,Matt Prater,K
Lions,Danny Shelton,DT
Texans,Whitney Mercilus,ROLB
Texans,Kenny Stills,WR
Bengals,William Jackson III,CB
Texans,Duke Johnson Jr,HB
Chiefs,Sammy Watkins,WR
Panthers,Matt Paradis,C
Redskins,Landon Collins,SS
Titans,Johnathan Joseph,CB
Redskins,Derrius Guice,HB
Cowboys,Michael Gallup,WR
Jaguars,Josh Allen,LE
Jaguars,D.J. Chark Jr,WR
Patriots,Lawrence Guy,RE
Seahawks,K.J. Wright,ROLB
Bears,Danny Trevathan,MLB
Giants,Jabrill Peppers,SS
Broncos,Bryce Callahan,CB
Saints,Latavius Murray,HB
Chargers,Trai Turner,RG
Colts,Trey Burton,TE
Giants,Leonard Williams,RE
Packers,Elgton Jenkins,LG
Packers,JK Scott,P
Vikings,Anthony Barr,LOLB
Bengals,Carl Lawson,RE
Bills,Tremaine Edmunds,MLB
Titans,Ryan Tannehill,QB
Buccaneers,Jason Pierre-Paul,LOLB
Patriots,Sony Michel,HB
Chargers,Mike Pouncey,C
Giants,Dalvin Tomlinson,DT
Panthers,Curtis Samuel,WR
Patriots,John Simon,LE
Redskins,Chase Young,RE
Seahawks,Quandre Diggs,FS
Jets,Pierre Desir,CB
Cowboys,Greg Zuerlein,K
Jets,Jamison Crowder,WR
Ravens,D.J. Fluker,RG
Seahawks,Jarran Reed,DT
Texans,Bradley Roby,CB
Colts,Kenny Moore II,CB
Lions,Duron Harmon,FS
Buccaneers,O.J. Howard,TE
Panthers,Taylor Moton,RT
Ravens,Marquise Brown,WR
Titans,Ben Jones,C
49ers,Deebo Samuel,WR
Saints,Chauncey Gardner-Johnson,SS
Eagles,Miles Sanders,HB
Seahawks,Carlos Hyde,HB
Lions,Danny Amendola,WR
Rams,Samson Ebukam,ROLB
Seahawks,Michael Dickson,P
Steelers,Bud Dupree,ROLB
Bengals,Jessie Bates III,FS
Dolphins,Matt Breida,HB
Falcons,Takkarist McKinley,RE
Giants,Aldrick Rosas,K
Jets,Brian Winters,RG
Patriots,Mohamed Sanu Sr,WR
Rams,Rob Havenstein,RT
Seahawks,D.K. Metcalf,WR
Titans,Jayon Brown,MLB
Titans,Corey Davis,WR
Titans,DaQuan Jones,DT
Browns,Adrian Clayborn,RE
Jets,Brian Poole,CB
Bengals,Vonn Bell,SS
Buccaneers,Ronald Jones II,HB
Panthers,Brian Burns,RE
Patriots,Isaiah Wynn,LT
Rams,Gerald Everett,TE
Titans,Rashaan Evans,MLB
Titans,Jeffery Simmons Jr,LE
49ers,Weston Richburg,C
Seahawks,Quinton Dunbar,CB
Dolphins,Mike Gesicki,TE
Bills,Matt Milano,LOLB
Browns,Jamie Gillan,P
Panthers,Tre Boston,FS
Cardinals,Byron Murphy Jr,CB
Browns,J.C. Tretter,C
Eagles,Malik Jackson,DT
Jets,Steve McLendon,DT
Packers,Devin Funchess,WR
Ravens,Derek Wolfe,LE
Raiders,Derek Carr,QB
Giants,James Bradberry IV,CB
Redskins,Ronald Darby,CB
Dolphins,Jordan Howard,HB
Jets,Frank Gore,HB
Jaguars,Dede Westbrook,WR
Panthers,Graham Gano,K
Raiders,Maurice Hurst,DT
Raiders,Gabe Jackson,RG
Broncos,Alexander Johnson,MLB
Browns,Baker Mayfield,QB
Buccaneers,Devin White,MLB
Cardinals,Christian Kirk,WR
Lions,Da'Shawn Hand,LE
Raiders,Cory Littleton,MLB
Redskins,Thomas Davis Sr,ROLB
Steelers,James Washington,WR
Browns,David Njoku,TE
Titans,Kenny Vaccaro,SS
Eagles,Trevor Williams,CB
Cowboys,Ha Ha Clinton-Dix,SS
Chiefs,Derrick Nnadi,DT
Bears,David Montgomery,HB
Packers,Jamaal Williams,HB
Packers,Corey Linsley,C
Saints,David Onyemata,DT
Texans,Randall Cobb,WR
Patriots,Cam Newton,QB
Raiders,Prince Amukamara,CB
Saints,Janoris Jenkins,CB
Bengals,Trae Waynes,CB
Chiefs,Juan Thornhill,FS
Patriots,Adrian Phillips,FS
49ers,Jerick McKinnon,HB
Panthers,Derrick Brown,DT
Ravens,Nick Boyle,TE
Ravens,Pernell McPhee,ROLB
Saints,Erik McCoy,C
Seahawks,Will Dissly,TE
Vikings,Britton Colquitt,P
Bears,James Daniels,LG
Bills,Trent Murphy,LE
Browns,Jack Conklin,RT
Cardinals,Isaiah Simmons,SS
Eagles,Avonte Maddox,CB
Bears,Tashaun Gipson Sr,SS
Cowboys,Dontari Poe,DT
Giants,Will Hernandez,LG
Saints,Wil Lutz,K
Saints,Andrus Peat,LG
Bears,Jimmy Graham,TE
Bills,Levi Wallace,CB
Falcons,Damontae Kazee,FS
Chiefs,Laurent Duvernay-Tardif,RG
Redskins,Adrian Peterson,HB
Seahawks,Rashaad Penny,HB
Cowboys,Tyrone Crawford,RE
Eagles,Marquise Goodwin,WR
Falcons,Jake Matthews,LT
Giants,Darius Slayton,WR
Jets,Quinnen Williams,RE
Rams,Austin Blythe,RG
Ravens,Willie Snead IV,WR
49ers,Dante Pettis,WR
Bills,Quinton Spain,LG
Cowboys,Jourdan Lewis,CB
Buccaneers,Carlton Davis III,CB
Bills,Taron Johnson,CB
Bears,Tarik Cohen,HB
Ravens,Gus Edwards,HB
Texans,David Johnson,HB
Jaguars,Tyler Eifert,TE
Patriots,Ja'Whaun Bentley,MLB
Patriots,Marqise Lee,WR
Raiders,Nelson Agholor,WR
Titans,Adam Humphries,WR
Broncos,Dalton Risner,LG
Browns,Karl Joseph,SS
Seahawks,Tre Flowers,CB
Buccaneers,Sean Murphy-Bunting,CB
Ravens,Chuck Clark,SS
Eagles,Rodney McLeod Jr,FS
Lions,Tracy Walker,SS
Giants,Dion Lewis,HB
Jaguars,Al Woods,DT
Jets,Quincy Enunwa,WR
Raiders,Jason Witten,TE
Rams,Leonard Floyd,LOLB
Steelers,Vince Williams,MLB
Titans,Malcolm Butler,CB
Bengals,Mackensie Alexander,CB
Chiefs,Demarcus Robinson,WR
Chiefs,Anthony Sherman,FB
Falcons,Tyeler Davison,DT
Lions,T.J. Hockenson,TE
Panthers,Michael Palardy,P
Raiders,Maxx Crosby,LE
Bills,Josh Allen,QB
Cardinals,Kyler Murray,QB
Cowboys,Xavier Woods,FS
Packers,Mason Crosby,K
Saints,Marcus Davenport,RE
Seahawks,Phillip Dorsett II,WR
Vikings,Garrett Bradbury,C
Bills,Dion Dawkins,LT
Broncos,Ja'Wuan James,RT
Browns,Larry Ogunjobi,DT
Buccaneers,Cameron Brate,TE
Bears,Buster Skrine,CB
Chargers,Uchenna Nwosu,LOLB
Bengals,Giovani Bernard,HB
Eagles,Derek Barnett,RE
Giants,Markus Golden,LOLB
Giants,Dexter Lawrence II,LE
49ers,Kendrick Bourne,WR
Bears,Bobby Massie,RT
Bengals,John Ross III,WR
Bills,Mario Addison,RE
Jaguars,C.J. Henderson,CB
Chiefs,Charvarius Ward,CB
Cardinals,Chase Edmonds,HB
Jaguars,Chris Thompson,HB
Cowboys,Sean Lee,LOLB
Packers,Rick Wagner,RT
Raiders,Johnathan Hankins,DT
Raiders,Carl Nassib,LE
Steelers,Diontae Johnson,WR
Bengals,Joe Burrow,QB
Buccaneers,Jamel Dean,CB
Cowboys,Anthony Brown,CB
Falcons,Ito Smith,HB
Dolphins,Raekwon McMillan,MLB
Falcons,Hayden Hurst,TE
Packers,Marcedes Lewis,TE
Panthers,Russell Okung,LT
Patriots,Adam Butler,DT
Saints,Josh Hill,TE
Steelers,Devin Bush,MLB
Steelers,Vance McDonald,TE
Bengals,Auden Tate,WR
Saints,Jameis Winston,QB
Raiders,Nick Kwiatkoski,ROLB
49ers,Dre Greenlaw,ROLB
49ers,Javon Kinlaw,DT
49ers,Mitch Wishnowsky,P
Bengals,Josh Bynes,LOLB
Broncos,Graham Glasgow,RG
Broncos,Brandon McManus,K
Browns,Andrew Billings,DT
Cardinals,Devon Kennard,ROLB
Bengals,Shawn Williams,SS
Browns,Andrew Sendejo,SS
Packers,Darnell Savage,FS
Jaguars,D.J. Hayden,CB
Ravens,Tavon Young,CB
Texans,Gareon Conley,CB
Seahawks,Bradley McDougald,SS
Chiefs,Alex Okafor,LE
Colts,Denico Autry,DT
Dolphins,Davon Godchaux,DT
Panthers,Tahir Whitehead,LOLB
Patriots,Marcus Cannon,RT
Bears,Anthony Miller,WR
Cardinals,Jordan Hicks,MLB
Rams,Jared Goff,QB
Cardinals,Andy Lee,P
Cardinals,Justin Pugh,LG
Bills,Josh Norman,CB
49ers,K'Waun Williams,CB
Lions,Jeff Okudah,CB
Eagles,Will Parks,SS
Chiefs,Mecole Hardman,WR
Redskins,J.D. McKissic,HB
Dolphins,Albert Wilson,WR
Jaguars,Chris Conley,WR
Jets,Henry Anderson,LE
Panthers,Shaq Thompson,MLB
Raiders,Henry Ruggs III,WR
Redskins,Montez Sweat,RE
Vikings,Dan Bailey,K
Cardinals,Marcus Gilbert,RT
Chiefs,Bashaud Breeland,CB
49ers,Emmanuel Moseley,CB
Rams,Taylor Rapp,FS
Cowboys,Antwaun Woods,DT
Seahawks,David Moore,WR
Steelers,Jordan Berry,P
49ers,Laken Tomlinson,LG
Bills,Stephen Hauschka,K
Buccaneers,Antoine Winfield Jr,FS
Cowboys,Daryl Worley,CB
Colts,Rock Ya-Sin,CB
Panthers,Eli Apple,CB
Dolphins,Bobby McCain,FS
Colts,Kemoko Turay,LE
Cowboys,Tony Pollard,HB
Panthers,Mike Davis,HB
Patriots,Rex Burkhead,HB
Rams,Malcolm Brown,HB
Ravens,J.K. Dobbins,HB
Jaguars,Keelan Cole,WR
Ravens,Tyus Bowser,LOLB
Redskins,Morgan Moses,RT
Seahawks,Poona Ford,DT
49ers,Solomon Thomas,RE
Broncos,Jerry Jeudy,WR
Broncos,Sam Martin,P
Cardinals,Corey Peters,DT
Cardinals,Maxx Williams,TE
Panthers,Teddy Bridgewater,QB
Browns,Greedy Williams,CB
Cowboys,Randy Gregory,RE
Broncos,Royce Freeman,HB
Jets,Breshad Perriman,WR
Patriots,Chase Winovich,RE
Rams,Josh Reynolds,WR
Redskins,Chase Roullier,C
Bengals,Sam Hubbard,RE
Browns,Mack Wilson,ROLB
Cardinals,Haason Reddick,ROLB
Lions,Darryl Roberts,CB
Colts,Nyheim Hines,HB
Giants,B.J. Hill,RE
Panthers,Seth Roberts,WR
Raiders,Maliek Collins,DT
Raiders,Zay Jones,WR
Redskins,Reuben Foster,MLB
Seahawks,Jason Myers,K
Texans,Zach Cunningham,MLB
Vikings,Brian O'Neill,RT
Vikings,Tajae Sharpe,WR
Bears,Ted Ginn Jr,WR
Bears,Cordarrelle Patterson,WR
Broncos,Shelby Harris,LE
Eagles,Cre'Von LeBlanc,CB
Eagles,Sidney Jones IV,CB
Raiders,Trayvon Mullen,CB
Cowboys,CeeDee Lamb,WR
Dolphins,Shaq Lawson,ROLB
Dolphins,Emmanuel Ogbah,LE
Packers,Dean Lowry,LE
Titans,Jonnu Smith,TE
Vikings,Irv Smith Jr,TE
Bears,Bilal Nichols,RE
Broncos,Todd Davis,MLB
Broncos,Noah Fant,TE
Chiefs,Eric Fisher,LT
Colts,Xavier Rhodes,CB
Redskins,Fabian Moreau,CB
Saints,Patrick Robinson,CB
Raiders,Erik Harris,FS
Ravens,Anthony Levine Sr,SS
Dolphins,Jakeem Grant,WR
Chiefs,Clyde Edwards-Helaire,HB
Lions,D'Andre Swift,HB
Redskins,Peyton Barber,HB
Saints,Ty Montgomery II,HB
Jaguars,Aaron Lynch,LE
Jets,Connor McGovern,C
Panthers,Yetur Gross-Matos,RE
Redskins,Cody Latimer,WR
Seahawks,Jacob Hollister,TE
Seahawks,Mike Iupati,LG
Titans,Kamalei Correa,LOLB
Bills,Harrison Phillips,DT
Steelers,Terrell Edmunds,SS
Saints,P.J. Williams,CB
Colts,Zach Pascal,WR
Jaguars,Rashaan Melvin,CB
Eagles,Jake Elliott,K
Raiders,Jalen Richard,HB
Giants,Kyler Fackrell,ROLB
Jets,Patrick Onwuasor,MLB
Lions,Taylor Decker,LT
Raiders,Alec Ingold,FB
Rams,A'Shawn Robinson,DT
Texans,Darren Fells,TE
Titans,Vic Beasley Jr,LOLB
49ers,Trent Taylor,WR
Bills,Jon Feliciano,RG
Browns,Rashard Higgins,WR
Buccaneers,Bradley Pinion,P
Dolphins,Ryan Fitzpatrick,QB
Jaguars,Ronnie Harrison,SS
49ers,Jason Verrett,CB
Rams,Troy Hill,CB
Dolphins,Jerome Baker,MLB
Dolphins,Matt Haack,P
Eagles,Corey Clement,HB
Vikings,Alexander Mattison,HB
Jaguars,K'Lavon Chaisson,RE
Jets,Jordan Jenkins,ROLB
Packers,Marquez Valdes-Scantling,WR
Raiders,Hunter Renfrow,WR
Saints,Trey Hendrickson,RE
Saints,Margus Hunt,DT
Saints,Tre'Quan Smith,WR
Seahawks,Bruce Irvin,LOLB
Seahawks,Benson Mayowa,LE
Texans,Zach Fulton,RG
Browns,Andy Janovich,FB
Buccaneers,William Gholston,LE
Raiders,Jeff Heath,SS
Colts,Rigoberto Sanchez,P
Jaguars,Tre Herndon,CB
Giants,Xavier McKinney,FS
Colts,Khari Willis,SS
Dolphins,Christian Wilkins,RE
Chargers,Justin Jackson,HB
Jaguars,Taven Bryan,DT
Patriots,Damiere Byrd,WR
Patriots,N'Keal Harry,WR
49ers,Travis Benjamin,WR
Cardinals,De'Vondre Campbell,MLB
Cardinals,Zane Gonzalez,K
Vikings,Mike Hughes,CB
49ers,Ahkello Witherspoon,CB
Dolphins,Eric Rowe,SS
Falcons,Allen Bailey,LE
Patriots,Deatrich Wise Jr,RE
Vikings,Justin Jefferson,WR
Chargers,Nick Vigil,ROLB
Colts,Mark Glowinski,RG
Colts,Anthony Walker Jr,MLB
Falcons,Kendall Sheffield,CB
Eagles,J.J. Arcega-Whiteside,WR
Eagles,Jalen Reagor,WR
Giants,Lorenzo Carter,ROLB
Packers,Tim Williams,ROLB
Saints,Noah Spence,RE
Texans,Brennan Scarlett,LOLB
Bills,Lee Smith,TE
Jets,Sam Darnold,QB
Chiefs,Mike Pennel Jr,DT
Chiefs,Ricky Seals-Jones,TE
Saints,D.J. Swearinger Sr,SS
Patriots,Kyle Dugger,SS
Eagles,Rasul Douglas,CB
Texans,Vernon Hargreaves III,CB
Dolphins,Allen Hurns,WR
Buccaneers,Jordan Whitehead,SS
Jaguars,Jarrod Wilson,FS
Eagles,Josh Sweat,LE
Colts,Jonathan Taylor,HB
Panthers,Joey Slye,K
Raiders,Kolton Miller,LT
Texans,Bryan Anger,P
Bills,Robert Foster,WR
Cardinals,Jordan Phillips,RE
Dolphins,Tua Tagovailoa,QB
Chiefs,Anthony Hitchens,MLB
Cowboys,Maurice Canady,CB
Giants,Julian Love,CB
Browns,Terrance Mitchell,CB
Chiefs,DeAndre Washington,HB
Raiders,P.J. Hall,DT
Ravens,Matt Skura,C
Texans,Ross Blacklock,RE
Texans,Keke Coutee,WR
Bears,Pat O'Donnell,P
Bills,Star Lotulelei,DT
Cardinals,J.R. Sweezy,RG
Chargers,Michael Davis,CB
Raiders,Nevin Lawson,CB
Dolphins,Ereck Flowers,LG
Packers,Kevin King,CB
Eagles,Genard Avery,RE
Bills,T.J. Yeldon,HB
Giants,Wayne Gallman Jr,HB
Jets,Nathan Shepherd,LE
Lions,Geronimo Allison,WR
Lions,Christian Jones,ROLB
Redskins,Dustin Hopkins,K
Saints,Alex Anzalone,MLB
Seahawks,Shaquem Griffin,LOLB
Vikings,C.J. Ham,FB
49ers,Ronald Blair III,LE
49ers,Willie Henry,LE
Bengals,Randy Bullock,K
Bengals,Logan Wilson,MLB
Browns,Jedrick Wills Jr,LT
Cardinals,D.J. Humphries,LT
Chargers,Kenneth Murray Jr,ROLB
Raiders,Johnathan Abram,SS
Bears,Jaylon Johnson,CB
Jets,Blessuan Austin,CB
Cardinals,Robert Alford,CB
Buccaneers,Mike Edwards,FS
Cardinals,Jalen Thompson,FS
Dolphins,Preston Williams,WR
Falcons,Foyesade Oluokun,ROLB
Rams,Cam Akers,HB
Raiders,Clelin Ferrell,RE
Bears,Demetrius Harris,TE
Bears,Eddy Pineiro,K
Bengals,Alex Erickson,WR
Bengals,C.J. Uzomah,TE
Bills,Ty Nsekhe,RT
Chargers,Drue Tranquill,MLB
Bills,E.J. Gaines,CB
Bengals,Darius Phillips,CB
Texans,Eric Murray,FS
Falcons,Chris Lindstrom,RG
Packers,A.J. Dillon,HB
Ravens,Jaylon Ferguson,ROLB
Texans,Ka'imi Fairbairn,K
Bengals,Jonah Williams,LT
Bills,A.J. Epenesa,LE
Bills,A.J. Klein,ROLB
Bills,Isaiah McKenzie,WR
Browns,Taywan Taylor,WR
Cardinals,Andy Isabella,WR
Colts,Bobby Okereke,MLB
Browns,Grant Delpit,FS
Eagles,Jatavis Brown,ROLB
Rams,Terrell Burgess,FS
Colts,Jordan Wilkins,HB
Ravens,Justice Hill,HB
Jets,Josh Bellamy,WR
Jets,Folorunso Fatukasi,RE
Steelers,Benny Snell Jr,HB
Patriots,Beau Allen,DT
Patriots,Brandon Copeland,LOLB
Patriots,Josh Uche,ROLB
Ravens,Miles Boykin,WR
Redskins,Shaun Dion Hamilton,LOLB
Saints,Kiko Alonso,LOLB
Steelers,Tyson Alualu,LE
Texans,Charles Omenihu,LE
Titans,Jack Crawford,RE
Vikings,Anthony Zettel,LE
Chargers,Denzel Perryman,MLB
Chargers,Jerry Tillery,DT
Chiefs,Breeland Speaks,LE
Chiefs,Damien Wilson,ROLB
Cowboys,Andy Dalton,QB
Browns,Kevin Johnson,CB
Jaguars,Abry Jones,DT
Jaguars,Laviska Shenault Jr,WR
Jets,Mekhi Becton,LT
Packers,Rashan Gary,LOLB
Packers,Christian Kirksey,MLB
Texans,Duke Ejiofor,ROLB
49ers,Brandon Aiyuk,WR
Colts,Parris Campbell,WR
Dolphins,Jason Sanders,K
Raiders,Ken Crawley,CB
Giants,Oshane Ximines,ROLB
Eagles,Boston Scott,HB
Steelers,Jaylen Samuels,HB
Jets,Christopher Herndon IV,TE
Jets,Alex Lewis,LG
Ravens,Patrick Queen,MLB
Redskins,Cole Holcomb,LOLB
Seahawks,Cody Barton,LOLB
Steelers,Ryan Switzer,WR
Titans,Khari Blasingame,FB
49ers,D.J. Jones,DT
Bears,Mitchell Trubisky,QB
Giants,Daniel Jones,QB
Cowboys,Blake Jarwin,TE
Redskins,Sean Davis,SS
Jets,Quincy Wilson,CB
Giants,DeAndre Baker,CB
Eagles,Jalen Mills,SS
Jets,Matthias Farley,SS
Texans,Jaylen Watkins,SS
Giants,Blake Martinez,MLB
Jets,Ryan Griffin,TE
Patriots,Jake Bailey,P
Raiders,Marquel Lee,LOLB
Redskins,Trey Quinn,WR
Redskins,Steven Sims,WR
Saints,Malcom Brown,DT
Vikings,Pat Elflein,LG
Bears,Roy Robertson-Harris,LE
Bills,Vernon Butler Jr,DT
Bills,Daryl Williams,LG
Broncos,Netane Muti,RG
Packers,Jordan Love,QB
Colts,Tyquan Lewis,DT
Cowboys,Dorance Armstrong,RE
Cowboys,Joe Thomas,ROLB
Falcons,Isaiah Oliver,CB
Patriots,Terrence Brooks,SS
Giants,Andrew Thomas,RT
Jets,Braden Mann,P
Rams,Darrell Henderson Jr,HB
Ravens,Justin Ellis,DT
Ravens,L.J. Fort,MLB
Redskins,Kelvin Harmon,WR
Saints,Cesar Ruiz,RG
Texans,Dylan Cole,MLB
49ers,Richie James Jr,WR
Bears,Brent Urban,LE
Bills,Corey Bojorquez,P
Bills,Tyler Kroft,TE
Buccaneers,Kendell Beckwith,MLB
Cardinals,Hakeem Butler,WR
Chargers,Michael Badgley,K
Chargers,Virgil Green,TE
Colts,Michael Pittman Jr,WR
Seahawks,Marquise Blair,FS
Chiefs,Daniel Sorensen,SS
Jaguars,Cassius Marsh Sr,LE
Redskins,Bryce Love,HB
Ravens,Justin Madubuike,RE
Seahawks,Jordyn Brooks,MLB
Steelers,Matt Feiler,RT
Texans,Tytus Howard,RT
Chiefs,Mike Remmers,LG
Cowboys,Aldon Smith,RE
Cowboys,Connor Williams,LG
Vikings,Holton Hill,CB
Colts,T.J. Carrie,CB
Lions,Amani Oruwariye,CB
Eagles,K'Von Wallace,SS
Texans,Michael Thomas,SS
Jaguars,James O'Shaughnessy,TE
Jaguars,Cam Robinson,LT
Jets,Josh Doctson,WR
Packers,Tyler Lancaster,DT
Packers,Allen Lazard,WR
Ravens,Bradley Bozeman,LG
Redskins,Ryan Anderson,LE
Steelers,Derek Watt,FB
Vikings,Ben Gedeon,ROLB
Vikings,Riley Reiff,LT
Bengals,Tee Higgins,WR
Bills,Dawson Knox,TE
Broncos,Christian Covington,RE
Chiefs,Khalen Saunders,DT
Colts,Jacoby Brissett,QB
Dolphins,Vince Biegel,ROLB
Dolphins,Isaiah Ford,WR
Texans,Lonnie Johnson Jr,CB
Vikings,Jeff Gladney,CB
Dolphins,Nik Needham,CB
Lions,Mike Ford,CB
Falcons,Marlon Davidson,LE
Chargers,Nasir Adderley,FS
Falcons,Deadrin Senat,DT
Bills,Taiwan Jones,HB
Lions,Marvin Hall Jr,WR
Dolphins,Kalen Ballage,HB
Lions,Romeo Okwara,RE
Lions,Jahlani Tavai,MLB
Texans,Jordan Akins,TE
Vikings,Eric Wilson,ROLB
Browns,Austin Seibert,K
Buccaneers,Tristan Wirfs,RT
Bears,Nick Foles,QB
Cowboys,Trysten Hill,DT
Dolphins,Raekwon Davis,RE
Dolphins,Elandon Roberts,MLB
Jets,Ashtyn Davis,FS
Packers,Josh Jackson,CB
Giants,Grant Haley,CB
Rams,David Long Jr,CB
Buccaneers,Andrew Adams,SS
Giants,Corey Coleman,WR
Jaguars,A.J. Cann,RG
Vikings,Ameer Abdullah,HB
Ravens,Devin Duvernay,WR
Ravens,Chris Moore,WR
Texans,Nick Martin,C
Bears,Barkevious Mingo,ROLB
Bengals,Germaine Pratt,MLB
Cardinals,KeeSean Johnson,WR
Chargers,Kyzir White,LOLB
Chiefs,Tanoh Kpassagnon,RE
Colts,Chad Williams,WR
Cowboys,Devin Smith,WR
Eagles,Isaac Seumalo,LG
Redskins,Greg Stroman,CB
Steelers,Justin Layne,CB
Titans,Amani Hooker,FS
Jets,Blake Cashman,MLB
Lions,Jesse James,TE
Patriots,Brandon Bolden,HB
Rams,Van Jefferson,WR
Texans,Jacob Martin,LOLB
Bills,Cody Ford,RT
Bills,Andre Roberts,WR
Broncos,K.J. Hamler,WR
Broncos,Josey Jewell,MLB
Colts,Ben Banogu,RE
Colts,Marcus Johnson,WR
Redskins,Dwayne Haskins Jr,QB
Cowboys,Neville Gallimore,DT
Jaguars,Gardner Minshew II,QB
Eagles,Greg Ward Jr,WR
Chargers,Rayshawn Jenkins,FS
49ers,Jamar Taylor,CB
Patriots,Joejuan Williams,CB
Jaguars,Parry Nickerson,CB
Cardinals,Deionte Thompson,SS
Jaguars,Dawuane Smoot,RE
Jets,Denzel Mims,WR
Jets,Jordan Willis,ROLB
Lions,Jarrad Davis,MLB
Bills,Zack Moss,HB
Steelers,Chase Claypool,WR
Bears,Cole Kmet,TE
Bills,Quinton Jefferson,DT
Bills,Vincent Taylor,DT
Broncos,Jeff Heuerman,TE
Chargers,Justin Jones,DT
Cowboys,Noah Brown,WR
Dolphins,Ted Karras,C
Dolphins,Clayton Fejedelem,SS
Panthers,Jeremy Chinn,SS
Redskins,Jimmy Moreland,CB
Giants,Elijhaa Penny,FB
Giants,Nate Solder,LT
Jets,Tarell Basham,ROLB
Jets,Braxton Berrios,WR
Buccaneers,T.J. Logan,HB
Jets,Josh Adams,HB
Packers,Jake Kumerow,WR
Panthers,Ian Thomas,TE
Patriots,Jakobi Meyers,WR
Saints,Mario Edwards Jr,DT
Titans,Nate Davis,RG
Broncos,Tim Patrick,WR
Chiefs,Dorian O'Daniel,LOLB
Colts,Roosevelt Nix,FB
Broncos,Drew Lock,QB
Dolphins,Kamu Grugier-Hill,MLB
Falcons,Sterling Hofrichter,P
Buccaneers,Justin Evans,SS
Colts,Marvell Tell III,CB
Chiefs,Rashad Fenton,CB
Jaguars,Logan Cooke,P
Jaguars,Davon Hamilton,DT
Jaguars,Jawaan Taylor,RT
Rams,Morgan Fox,RE
Saints,Deonte Harris,WR
Texans,Max Scharping,LG
Vikings,Ifeadi Odenigbo,RE
Bears,Germain Ifedi,RG
Broncos,Jake Butt,TE
Broncos,DaeSean Hamilton,WR
Buccaneers,Matt Gay,K
Buccaneers,Donovan Smith,LT
Chiefs,Taco Charlton,LE
Chargers,Justin Herbert,QB
Cowboys,Kai Forbath,K
Raiders,Damon Arnette Jr,CB
Dolphins,Noah Igbinoghene,CB
Falcons,A.J. Terrell,CB
Bears,Artie Burns,CB
Raiders,Devontae Booker,HB
Panthers,Zach Kerr,DT
Panthers,Chris Manhertz,TE
Raiders,Bryan Edwards,WR
Raiders,Arden Key,RE
Bears,Riley Ridley,WR
Bengals,Ryan Glasgow,DT
Broncos,McTelvin Agim,LE
Broncos,Garett Bolles,LT
Chiefs,Byron Pringle,WR
Cowboys,Cedrick Wilson,WR
Titans,Kristian Fulton,CB
Lions,Jayron Kearse,SS
Colts,Julian Blackmon,FS
Bears,Jordan Lucas,FS
Patriots,Damien Harris,HB
Panthers,Stephen Weatherly,LE
Titans,Darrynton Evans,HB
Raiders,Daniel Carlson,K
Seahawks,Darrell Taylor,LE
Titans,Reggie Gilbert,LOLB
Broncos,Jeremiah Attaochu,LOLB
Browns,Damion Ratley,WR
Buccaneers,Kevin Minter,MLB
Cardinals,Leki Fotu,DT
Cowboys,Joe Looney,C
Cowboys,Justin March,ROLB
Cowboys,Jamize Olawale,FB
Chargers,Tyrod Taylor,QB
Falcons,Ryan Allen,P
Falcons,Deone Bucannon,MLB
Falcons,John Cominsky,LE
Giants,Riley Dixon,P
49ers,Tarvarius Moore,FS
Cowboys,Trevon Diggs,CB
Redskins,Troy Apke,FS
Titans,Dane Cruikshank,SS
Buccaneers,Ke'Shawn Vaughn,HB
Dolphins,Patrick Laird,HB
Panthers,Jermaine Carter Jr,ROLB
Lions,Bo Scarbrough,HB
Patriots,Justin Rohrwasser,K
Rams,Ogbonnia Okoronkwo,ROLB
Ravens,Malik Harrison,MLB
Ravens,Bronson Rechsteiner,FB
Seahawks,Luke Willson,TE
Vikings,Shamar Stephen,DT
49ers,Kerry Hyder,RE
Bears,Javon Wims,WR
Bills,Gabriel Davis,WR
Broncos,Dre'Mont Jones,LE
Broncos,DeMarcus Walker,RE
Cardinals,Zach Allen,LE
Cardinals,Lamont Gaillard,LG
Eagles,Cameron Johnston,P
Falcons,Charles Harris,LE
Jaguars,Josh Jones,SS
Browns,Sheldrick Redwine,FS
Broncos,Isaac Yiadom,CB
Buccaneers,Ryan Smith,CB
Titans,Ibraheim Campbell,FS
Texans,Phillip Gaines,CB
Bills,Dean Marlowe,SS
Jets,Frankie Luvu,LOLB
Jets,Brett Maher,K
Packers,Lane Taylor,LG
Panthers,Alex Armah Jr,FB
Panthers,Greg Little,LT
Redskins,Antonio Gibson,HB
Raiders,Foster Moreau,TE
Redskins,Jon Bostic,MLB
Redskins,Antonio Gandy-Golden,WR
Redskins,Kevin Pierre-Louis,MLB
Texans,Jordan Thomas,TE
Bills,Tyler Bass,K
Buccaneers,Scotty Miller,WR
Cardinals,Trevon Coley,LE
Dolphins,Ricardo Louis,WR
Falcons,Jamon Brown,RG
Falcons,Laquon Treadwell,WR
Dolphins,Kavon Frazier,SS
Jaguars,Leon Jacobs,LOLB
Texans,Keion Crossen,CB
Steelers,Cameron Sutton,CB
Jets,Nate Hairston,CB
Jaguars,Quincy Williams,ROLB
49ers,D.J. Reed Jr,CB
Lions,Will Harris,SS
Lions,Julian Okwara,RE
Raiders,Lynn Bowden Jr,HB
Saints,Zack Baun,LOLB
Texans,Brandon Dunn,DT
Jets,Joe Flacco,QB
Dolphins,Andrew Van Ginkel,ROLB
Eagles,Andre Dillard,LT
Eagles,Shelton Gibson,WR
Colts,George Odum,FS
Bengals,LeShaun Sims,CB
Packers,Chandon Sullivan,CB
Jets,Trenton Cannon,HB
Patriots,Devin Asiasi,TE
Saints,Maurice Harris,WR
Seahawks,Ben Burr-Kirven,ROLB
Seahawks,Rasheem Green,RE
Texans,DeAndre Carter,WR
Titans,Anthony Firkser,TE
Bears,John Jenkins,RE
Bengals,Akeem Davis-Gaither,ROLB
Bengals,Trey Hopkins,C
Bengals,Renell Wren,DT
Bills,Patrick DiMarco,FB
Browns,Chris Hubbard,RT
Colts,Rodrigo Blankenship,K
Dolphins,Sam Eguavoen,ROLB
Eagles,Nathan Gerry,LOLB
Eagles,Duke Riley,LOLB
Giants,Levine Toilolo,TE
Patriots,Cody Davis,FS
Broncos,Michael Ojemudia,CB
Raiders,Amik Robertson,CB
Panthers,Marquis Haynes,LE
Panthers,Keith Kirkwood,WR
Bengals,Rodney Anderson,HB
Lions,Ty Johnson,HB
Raiders,Marcell Ateman,WR
Raiders,Keelan Doss,WR
Rams,Sam Sloman,K
Saints,Austin Carr,WR
Seahawks,Sutton Smith,ROLB
Vikings,Olabisi Johnson,WR
Bills,Jason Croom,TE
Broncos,Mike Purcell,DT
Broncos,Malik Reed,ROLB
Browns,Jordan Elliott,DT
Browns,Wyatt Teller,RG
Cowboys,Cameron Erving,LT
Dolphins,Mack Hollins,WR
Raiders,Marcus Mariota,QB
Eagles,John Hightower,WR
Eagles,Hassan Ridgeway,DT
Jets,Greg Van Roten,RG
Lions,Joe Dahl,LG
Cowboys,Darian Thompson,FS
Seahawks,Ugo Amadi,CB
Buccaneers,M.J. Stewart Jr,CB
Dolphins,Ryan Lewis,CB
Ravens,Jordan Richards,SS
Bears,Sherrick McManis,FS
Patriots,Shilique Calhoun,LOLB
Rams,Greg Gaines,DT
Ravens,Jaleel Scott,WR
Saints,Anthony Chickillo,RE
Saints,Adam Trautman,TE
Steelers,Deon Cain,WR
Titans,Kalif Raymond,WR
Bengals,Kevin Huber,P
Bills,Ray-Ray McCloud III,WR
Broncos,Lloyd Cushenberry III,C
Chargers,Forrest Lamp,LG
Redskins,Alex Smith,QB
Falcons,Steven Means,LE
Giants,Cody Core,WR
Giants,David Mayo,MLB
Seahawks,Lano Hill,FS
Dolphins,Cordrea Tankersley,CB
Bengals,Tony Brown,CB
Packers,Treyvon Hester,LE
Packers,Jace Sternberger,TE
Panthers,Michael Schofield III,RG
Titans,D'Andre Walker,LOLB
49ers,Ben Garland,C
Bears,Trevor Davis,WR
Bears,Adam Shaheen,TE
Browns,Kendall Lamm,LT
Browns,Sione Takitaki,LOLB
Buccaneers,Tyler Johnson,WR
Eagles,Jalen Hurts,QB
Jaguars,Rodney Gunter,DT
Giants,Rashaan Gaulden,SS
Ravens,Geno Stone,SS
Chargers,Roderic Teamer Jr,SS
Saints,Johnson Bademosi,CB
Raiders,Isaiah Johnson,CB
Giants,Sam Beal,CB
Saints,Dwayne Washington,HB
Steelers,Stefen Wisniewski,LG
Texans,Angelo Blackson,RE
49ers,Jalen Hurd,WR
Bengals,Cethan Carter,FB
Broncos,Nick Vannett,TE
Broncos,Elijah Wilkinson,LG
Chargers,Malik Jefferson,ROLB
Chiefs,Willie Gay Jr,ROLB
Chiefs,Ben Niemann,MLB
Jets,George Fant,RT
Jets,Harvey Langi,LOLB
Dolphins,Brandon Jones,FS
Jets,Jabari Zuniga,LOLB
Lions,Nick Williams,DT
Jaguars,Josiah Scott,CB
Broncos,Duke Dawson Jr,FS
Patriots,Derek Rivers,LE
Chiefs,Darrel Williams,HB
Ravens,Jihad Ward,LE
Redskins,Nate Orchard,RE
Bengals,Jordan Evans,ROLB
Bengals,Stanley Morgan Jr,WR
Bengals,Drew Sample,TE
Browns,B.J. Goodson,MLB
Colts,Sheldon Day,DT
Colts,Reece Fountain,WR
Colts,Al-Quadin Muhammad,RE
Dolphins,Gary Jennings,WR
Dolphins,Avery Moss,LE
Falcons,James Carpenter,LG
Falcons,Younghoe Koo,K
Falcons,Kaleb McGary,RT
Jaguars,Josh Oliver,TE
Lions,Geremy Davis,WR
49ers,Marcell Harris,SS
Eagles,Rudy Ford,SS
Dolphins,Steven Parker,FS
Panthers,John Miller,RG
Panthers,Troy Pride Jr,CB
Raiders,Nicholas Morrow,MLB
Raiders,Daniel Ross,DT
Falcons,Brian Hill,HB
Rams,John Kelly,HB
Steelers,Anthony McFarland,HB
Rams,Jachai Polite,ROLB
Steelers,Amara Darboh,WR
Texans,Chad Hansen,WR
Vikings,Armon Watts,DT
Buccaneers,Anthony Nelson,LOLB
Colts,Matthew Adams,ROLB
Dolphins,Josh Rosen,QB
Falcons,Matt Hennessy,C
Giants,Austin Johnson,RE
Jaguars,C.J. Board,WR
Lions,Halapoulivaati Vaitai,RT
Packers,Josiah Deguara,TE
Dolphins,Adrian Colbert,FS
Ravens,DeShon Elliott,FS
Packers,Ka'Dar Hollman,CB
Bengals,Torry McTyer,CB
Patriots,Danny Vitale,FB
Rams,Terrell Lewis,LOLB
Saints,Michael Burton,FB
Steelers,Chris Wormley,DT
49ers,Tom Compton,RG
Bills,Duke Williams,WR
Browns,Porter Gustin,LE
Browns,Jacob Phillips,MLB
Buccaneers,Justin Watson,WR
Cowboys,Dalton Schultz,TE
Browns,Case Keenum,QB
Eagles,Davion Taylor,ROLB
Falcons,LaRoy Reynolds,ROLB
Jets,John Franklin-Myers,LE
Jets,Jonotthan Harrison,C
49ers,Derrick Kindred,SS
Giants,Nate Ebner,SS
Ravens,Iman Lewis-Marshall,CB
Giants,Darnay Holmes,CB
Ravens,Anthony Averett,CB
Raiders,Tanner Muse,ROLB
Raiders,Kyle Wilber,LOLB
Raiders,Rod Smith,HB
Ravens,De'Anthony Thomas,WR
Titans,MyCole Pruitt,TE
Vikings,Dru Samia,RG
Bengals,Austin Calitro,MLB
Bengals,Billy Price,LG
Browns,Chad Thomas,LE
Cardinals,Trent Sherfield,WR
Chargers,Joe Reed,WR
Chargers,Isaac Rochell,LE
Jaguars,Collin Johnson,WR
Bills,Jaquan Johnson,FS
Steelers,Jordan Dangerfield,SS
Panthers,T.J. Green,CB
Giants,Corey Ballentine,CB
Bengals,Greg Mabin,CB
Jets,Bryce Hall,CB
Chiefs,L'Jarius Sneed,FS
Patriots,Anfernee Jennings,LOLB
Bills,Christian Wade,HB
Buccaneers,Dare Ogunbowale,HB
Vikings,Mike Boone,HB
Saints,Shy Tuttle,DT
Steelers,Alex Highsmith,ROLB
Titans,Greg Joseph,K
Vikings,Chad Beebe,WR
Vikings,Jaleel Johnson,DT
Bears,Eric Saubert,TE
Bengals,Xavier Su'a-Filo,LG
Browns,Harrison Bryant,TE
Browns,Tae Davis,LOLB
Chargers,Dan Feeney,LG
Chiefs,Austin Reiter,C
Cowboys,Jon'Vea Johnson,WR
Dolphins,Robert Hunt,RG
Falcons,Russell Gage Jr,WR
Jets,James Burgess Jr,MLB
Lions,Austin Bryant,LE
Lions,Quintez Cephus,WR
Packers,Equanimeous St. Brown,WR
Chargers,Joshua Kelley,HB
Patriots,J.J. Taylor,HB
Ravens,Daylon Mack,DT
Redskins,Emanuel Hall,WR
Seahawks,L.J. Collier,RE
Vikings,Eddie Yarbrough,RE
Chargers,Damion Square,DT
Chiefs,Andrew Wylie,LG
Dolphins,James Crawford,LOLB
Ravens,Robert Griffin III,QB
Jaguars,Lerentee McCray,LE
Jets,Chuma Edoga,RT
Lions,Travis Fulgham,WR
Panthers,Efe Obada,LE
Panthers,Kenny Robinson Jr,FS
Patriots,Justin Bethel,CB
Patriots,Matt LaCosse,TE
Bears,Kevin Toliver II,CB
Vikings,Cameron Dantzler,CB
Chargers,Alohi Gilman,SS
Chiefs,Darwin Thompson,HB
Jets,La'Mical Perine,HB
Steelers,Dan McCullers,DT
Texans,Cullen Gillaspia,FB
49ers,Mark Nzeocha,LOLB
Bears,Darnell Mooney,WR
Bengals,Damion Willis,WR
Bills,Kaare Vedvik,K
Broncos,Fred Brown,WR
Buccaneers,Jeremiah Ledbetter,RE
Cardinals,Johnnie Dixon,WR
Eagles,Daeshon Hall,LE
Jets,Bronson Kaufusi,RE
Lions,Tyrell Crosby,RT
Panthers,Pharoh Cooper,WR
Panthers,Jordan Kunaszyk,ROLB
Panthers,Corn Elder,CB
Falcons,Blidi Wreh-Wilson,CB
Eagles,Tremon Smith,CB
Packers,Tyler Ervin,HB
Seahawks,Damien Lewis,RG
Broncos,Juwann Winfree,WR
Browns,KhaDarel Hodge,WR
Browns,J'Mon Moore,WR
Buccaneers,Alex Cappa,RG
Cardinals,Dan Arnold,TE
Cardinals,Tanner Vallejo,MLB
Cardinals,Ryan Winslow,P
Colts,Chase McLaughlin,K
49ers,Nick Mullens,QB
Jaguars,Terry Godwin II,WR
Jets,Kyle Phillips,LOLB
Patriots,Dalton Keene,TE
Broncos,Khalfani Muhammad,HB
Dolphins,Myles Gaskin,HB
Seahawks,B.J. Finney,C
Titans,Cameron Batson,WR
Vikings,Ezra Cleveland,LT
Vikings,Brett Jones,C
Broncos,Troy Fumagalli,TE
Broncos,Albert Okwuegbunam,TE
Browns,Donovan Peoples-Jones,WR
Browns,Justin Zimmer,DT
Buccaneers,Jaydon Mickens,WR
Cardinals,Jonathan Bullard,RE
Colts,Zaire Franklin,ROLB
Falcons,Mykal Walker,LOLB
Giants,Ryan Connelly,MLB
Lions,Elijah Lee,ROLB
Steelers,Antoine Brooks Jr,SS
Patriots,Lenzy Pipkins,CB
Broncos,Davontae Harris,CB
Falcons,Josh Hawkins,CB
Raiders,A.J. Cole III,P
Raiders,Eric Kush,RG
Rams,Sebastian Joseph-Day,DT
49ers,Jeff Wilson Jr,HB
Jaguars,Ryquell Armstead,HB
Redskins,Khaleke Hudson,ROLB
Lions,Jason Huntley,HB
Seahawks,Phil Haynes,LG
Steelers,Chukwuma Okorafor,LT
Texans,Isaiah Coulter,WR
Bengals,Bobby Hart,RT
Bengals,Khalid Kareem,LE
Bills,Bryan Cox Jr,RE
Cardinals,Miles Brown,DT
Cardinals,Kylie Fitts,LOLB
Cardinals,Josh Jones,RT
Colts,Mo Alie-Cox,TE
Eagles,Shareef Miller,RE
Jets,Vyncint Smith,WR
Lions,Nick Bawden,FB
Panthers,Dennis Daley,LG
Panthers,Chris Smith,RE
Texans,John Reid,CB
Bengals,Samaje Perine,HB
Redskins,Caleb Brantley,DT
Saints,James Hurst,RT
Saints,Craig Robertson,ROLB
Texans,Jonathan Greenard,LOLB
Bears,Isaiah Irving,LOLB
Broncos,Diontae Spencer,WR
Cardinals,Michael Dogbe,LE
Chargers,Scott Quessenberry,C
Chiefs,Tommy Townsend,P
Dolphins,Chandler Cox,FB
Eagles,Quez Watkins,WR
Giants,Cameron Fleming,RT
Giants,Spencer Pulley,C
Jets,Neville Hewitt,MLB
Packers,Kingsley Keke,RE
Bears,Deon Bush,SS
Saints,Justin Hardee Sr,CB
Cowboys,Reggie Robinson II,CB
Rams,Brian Allen,C
Falcons,Jordan Miller,CB
Dolphins,Jamal Perry,SS
Rams,Micah Kiser,MLB
Rams,Joseph Noteboom,LG
Rams,Troy Reeder,MLB
Redskins,Josh Harvey-Clemons,ROLB
Redskins,Richard Rodgers,TE
Redskins,Cam Sims,WR
Redskins,Jeremy Sprinkle,TE
Bengals,Trayveon Williams,HB
Browns,Dontrell Hilliard,HB
Texans,Karan Higdon,HB
Texans,Kahale Warring,TE
Browns,Jermaine Grace,ROLB
Buccaneers,Josh Wells,LT
Cardinals,Justin Murray,RT
Chargers,Ty Long,P
Colts,Grover Stewart,DT
Falcons,Justin McCray,LT
Giants,David Sills V,WR
Giants,Kaden Smith,TE
Jets,Trevon Wesco,TE
Lions,Russell Bodine,C
Lions,Jalen Reeves-Maybin,MLB
Packers,Montravius Adams,RE
Patriots,Jakob Johnson,FB
Vikings,Josh Metellus,FS
Falcons,Sharrod Neasman,FS
Redskins,Geron Christian Sr,LT
Packers,Dexter Williams,HB
Seahawks,Nick Bellore,FB
Titans,Shaun Wilson,HB
Steelers,Anthony Johnson,WR
Titans,Isaiah Mack,LE
Titans,Isaiah Wilson,RT
Vikings,Troy Dye,MLB
Vikings,Cameron Smith,MLB
49ers,Ross Dwelley,TE
49ers,Joe Walker,MLB
Bears,Devante Bond,ROLB
Broncos,Justin Hollins,ROLB
Browns,Trevon Young,RE
Chargers,Darius Jennings,WR
Dolphins,Michael Deiter,RG
Dolphins,Zach Sieler,LE
Redskins,Kyle Allen,QB
Falcons,Olamide Zaccheaus,WR
Jaguars,Joe Giles-Harris,LOLB
Lions,Jack Fox,P
Packers,Darrius Shepherd,WR
Patriots,Matthew Slater,WR
Chargers,Brandon Facyson,CB
Rams,Darious Williams,CB
Titans,Tye Smith,CB
Rams,Brycen Hopkins,TE
Ravens,James Proche,WR
Redskins,Wes Schweitzer,LG
Saints,Nick Easton,LG
Cardinals,Eno Benjamin,HB
Saints,Taylor Stallworth,DT
Seahawks,Colby Parkinson,TE
Seahawks,John Ursua,WR
Texans,Eddie Vanderdoes,RE
Titans,Derick Roberson,ROLB
Vikings,K.J. Osborn,WR
49ers,Jullian Taylor,DT
Bengals,Andrew Brown,RE
Bills,Tyler Matakevich,MLB
Colts,Ashton Dulin,WR
Dolphins,Jason Strowbridge,RE
Lions,Chris Lacy,WR
Packers,Oren Burks,MLB
Panthers,Christian Miller,RE
Cardinals,Chris Banjo,SS
Raiders,John Simpson,LG
Vikings,Nate Meadors,CB
Rams,Bobby Evans Jr,RT
Redskins,Deshazor Everett,SS
Ravens,Ben Powers,LG
Ravens,Andre Smith,RT
Seahawks,Travis Homer,HB
Seahawks,Demarcus Christmas,DT
Texans,Carlos Watkins,LE
Vikings,Jalyn Holmes,LE
49ers,Justin Skule,LT
Bears,Trevis Gipson,LOLB
Bears,Joel Iyiegbuniwe,MLB
Bengals,Alex Redmond,RG
Chiefs,Tyler Newsome,P
Cowboys,Bradlee Anae,LE
Dolphins,Jesse Davis,RT
Jaguars,Dakota Allen,LOLB
Cowboys,Donovan Wilson,SS
Raiders,Derek Carrier,TE
Jaguars,Daniel Thomas,SS
Bills,Siran Neal,SS
49ers,Dontae Johnson,CB
Raiders,Nick O'Leary,TE
Bills,Dane Jackson,CB
Rams,Greg Dortch,WR
Redskins,Wes Martin,RG
Redskins,Tim Settle,DT
Browns,D'Ernest Johnson,HB
Seahawks,Alton Robinson,RE
Texans,Senio Kelemete,LG
Vikings,D.J. Wonnum,RE
Buccaneers,Rakeem Nunez-Roches,LE
Chargers,Stephen Anderson,TE
Dolphins,Curtis Weaver,LOLB
Falcons,Austin Larkin,RE
Jaguars,Dontavius Russell,DT
Lions,Miles Killebrew,ROLB
Rams,David Edwards,LT
Falcons,Jaylinn Hawkins,SS
Vikings,Harrison Hand,CB
Ravens,Tyre Phillips,RG
Cowboys,C.J. Goodwin,CB
Seahawks,Neiko Thorpe,CB
Panthers,Juston Burris,SS
Steelers,Saeed Blacknall,WR
Steelers,Isaiah Buggs,RE
Falcons,Qadree Ollison,HB
Titans,Ty Sambrailo,LT
Vikings,Dillon Mitchell,WR
Bills,Spencer Long,RG
Bills,Corey Thompson,ROLB
Bills,Jonathan Woodard,RE
Broncos,Joel Heath,DT
Chargers,Gabe Nabers,FB
Colts,Gerri Green,LE
Cowboys,Connor McGovern,RG
Dolphins,Durham Smythe,TE
Giants,Carter Coughlin,LOLB
Jaguars,Michael Walker,WR
Lions,Jason Cabinda,MLB
Packers,Jamal Davis II,ROLB
Patriots,Ryan Izzo,TE
Rams,Justin Lawler,LOLB
Jaguars,Doug Middleton,FS
Falcons,C.J. Reavis,FS
Bears,Xavier Crawford,CB
Rams,Dont'e Deayon,CB
Dolphins,Tae Hayes,CB
Cardinals,Duke Thomas,CB
Redskins,Logan Thomas,TE
Saints,Tommylee Lewis,WR
Saints,Ricky Ortiz,FB
Seahawks,DeeJay Dallas,HB
Steelers,Trey Edmunds,HB
Titans,Cody Hollister,WR
Vikings,Aviante Collins,LT
49ers,Chris Thompson,WR
Bengals,Josh Tupou,DT
Cardinals,Dylan Cantrell,TE
Chargers,Emeke Egbule,LOLB
Bills,Matt Barkley,QB
Giants,Chris Peace,LOLB
Jets,Daniel Brown,TE
Jets,Cameron Clark,LG
Lions,Reggie Ragland,MLB
Packers,Billy Turner,RG
Chiefs,Andrew Soroh,SS
Giants,Sean Chandler,FS
Rams,Kenny Young,MLB
Seahawks,Brian Allen,CB
Dolphins,Ken Webster,CB
Rams,Adonis Alexander,CB
Chargers,Tevaughn Campbell,CB
Redskins,Cameron Malveaux,LE
Chiefs,Elijah McGuire,HB
Vikings,Tyler Conklin,TE
49ers,Kentavius Street,DT
Bills,Isaiah Hodgins,WR
Bills,Mike Love,RE
Bills,Tommy Sweeney,TE
Broncos,Justin Strnad,MLB
Browns,Nick Harris,C
Cardinals,Rashard Lawrence,RE
Chargers,K.J. Hill,WR
Chargers,Andre Patton,WR
Chiefs,Gehrig Dieter,WR
Colts,Dezmon Patmon,WR
Dolphins,Austin Jackson,LT
Saints,Taysom Hill,QB
Jets,Jeff Smith,WR
Panthers,Tyler Larsen,C
Rams,Austin Corbett,LG
Bears,Kentrell Brice,SS
Bears,Kindle Vildor,CB
Cardinals,Kevin Peterson,CB
Texans,A.J. Moore Jr,FS
Saints,Lil'Jordan Humphrey,WR
Saints,Taquan Mizzell Sr,HB
Steelers,Kerrith Whyte Jr,HB
Titans,Dennis Kelly,RT
Browns,Drew Forbes,LG
Browns,Colby Gossett,RG
Buccaneers,Elliott Fry,K
Chiefs,Michael Danna,RE
Chiefs,Lucas Niang,RT
Falcons,Brandon Powell,WR
Cardinals,Brett Hundley,QB
Giants,Matthew Peart,RT
Jaguars,Shaquille Quarterman,MLB
Lions,Hunter Bryant,TE
Lions,Kenny Wiggins,LG
Panthers,Bravvion Roy,DT
Raiders,Brandon Parker,LT
Panthers,Natrell Jamerson,SS
Ravens,Ben Bredeson,LG
Chiefs,Armani Watts,FS
Colts,Darius Jackson,HB
Seahawks,Brandon Shell,RT
Panthers,Jordan Scarlett,HB
Vikings,Tony Brooks-James,HB
Vikings,James Lynch,DT
Vikings,Kenny Willekes,LE
49ers,Jauan Jennings,WR
Bears,Alex Wesley,WR
Bengals,Mike Thomas,WR
Browns,Pharaoh Brown,TE
Buccaneers,Khalil Davis,LE
Cowboys,Tyler Biadasz,C
Dolphins,Michael Roberts,TE
Eagles,Shaun Bradley,LOLB
Eagles,Robert Davis,WR
Eagles,Anthony Rush,DT
Falcons,Christian Blake,WR
Giants,Eric Tomlinson,TE
Jaguars,Will Richardson Jr,RG
Lions,Victor Bolden Jr,WR
Ravens,Broderick Washington Jr,LE
Jets,Arthur Maulet,CB
Colts,Isaiah Rodgers,CB
Chiefs,Javaris Davis,CB
Dolphins,Nate Brooks,CB
Steelers,Olasunkanmi Adeniyi,ROLB
49ers,Azeez Al-Shaair,ROLB
49ers,Alex Barrett,RE
Bears,James Vaughters,LOLB
Bills,Darryl Johnson Jr,LE
Chargers,Cortez Broughton,DT
Eagles,Jack Driscoll,RG
Eagles,Joe Ostman,LE
Jaguars,Ben Bartch,LT
Lions,Joshua Garnett,RG
Lions,Isaac Nauta,TE
Lions,Christian Sam,MLB
Packers,Ty Summers,MLB
Panthers,Brandon Zylstra,WR
Rams,Nsimba Webster,WR
Ravens,Patrick Mekari,C
Redskins,Kamren Curl,SS
49ers,Jermaine Kelly Jr,CB
Broncos,De'Vante Bausby,CB
Cowboys,Chris Westry,CB
49ers,Tim Harris,CB
Seahawks,Freddie Swain,WR
Cardinals,D.J. Foster,HB
Panthers,Reggie Bonnafon,HB
Titans,David Long Jr,MLB
49ers,Kevin Givens,DT
Bears,J.P. Holtz,TE
Bengals,Brady Sheldon,ROLB
Bills,Vosean Joseph,MLB
Eagles,T.J. Edwards,MLB
Eagles,Casey Toohill,RE
Giants,RJ McIntosh,LE
Steelers,Mason Rudolph,QB
Lions,Chase Daniel,QB
Lions,Jonah Jackson,RG
Steelers,Marcus Allen,FS
Jaguars,Andrew Wingard,SS
Broncos,Trey Marshall,SS
Rams,Jordan Fuller,SS
Seahawks,Ryan Neal,CB
Saints,Carl Granderson,LE
Redskins,Simeon Thomas,CB
Raiders,Jordan Brown,CB
Jaguars,Brandon Watson,CB
Eagles,Elijah Holyfield,HB
Titans,Larrell Murchison,RE
Vikings,Rashod Hill,RT
Bengals,Markus Bailey,MLB
Chargers,Jason Moore,WR
Colts,E.J. Speed,LOLB
Dolphins,Julie'n Davenport,LT
Eagles,Marcus Green,WR
Falcons,Devin Gray,WR
Falcons,Khari Lee,TE
Colts,Jacob Eason,QB
Panthers,Woodrow Hamilton,DT
Raiders,Denzelle Good,RG
Texans,Shalom Luani,SS
Eagles,Marcus Epps,FS
Raiders,Dallin Leavitt,SS
Cardinals,Charles Washington,FS
Seahawks,Chance Warmack,LG
Steelers,Kevin Dotson,LG
Steelers,Tuzar Skipper,LOLB
Cowboys,Jordan Chunn,HB
49ers,Charlie Woerner,TE
Bears,Ben Braunecker,TE
Cardinals,Mason Cole,C
Chargers,Jalen Guyton,WR
Colts,Robert Windsor,DT
Cowboys,Justin Hamilton,DT
Cowboys,Joe Jackson,RE
Eagles,Albert Huggins Jr,DT
Eagles,Prince Tega Wanogho,LT
Panthers,Will Grier,QB
Lions,Oday Aboushi,RG
Panthers,DeAndrew White,WR
Patriots,Byron Cowart,DT
Redskins,Jordan Brailford,LE
Bengals,Trayvon Henderson,SS
Redskins,James Smith-Williams,RE
Bears,Duke Shelley,CB
Vikings,Davion Davis,WR
Bills,Evan Boehm,C
Buccaneers,Jack Cichy,MLB
Chargers,PJ Johnson,DT
Chargers,Trey Pipkins III,LT
Chiefs,Demone Harris,LE
Eagles,Alex Singleton,MLB
Lions,Logan Stenberg,LG
Panthers,Omar Bayless,WR
Buccaneers,Deiondre' Hall,SS
Saints,Saquan Hampton,FS
Seahawks,Jamarco Jones,LT
Lions,Tony McRae,CB
Cowboys,Deante Burton,CB
Steelers,Ulysees Gilbert III,MLB
Jets,Bennett Jackson,FS
Titans,Joey Ivie,LE
49ers,Daniel Brunskill,RT
Bears,Reggie Davis,WR
Bears,Jesper Horsted,TE
Buccaneers,John Franklin III,WR
Buccaneers,Joe Haeg,RT
Colts,Jordan Glasgow,ROLB
Colts,Xavier Grimble,TE
Colts,Skai Moore,MLB
Falcons,Austin Edwards,LE
Falcons,Keith Smith,FB
Jaguars,Joshua Dobbs,QB
Chargers,Easton Stick,QB
Jaguars,Tyler Shatley,LG
Patriots,Brian Hoyer,QB
Lions,Kevin Strong,DT
Ravens,Chris Board,MLB
Redskins,Saahdiq Charles,LT
Saints,J.T. Gray,SS
Texans,Cornell Armstrong,CB
Buccaneers,Parnell Motley,CB
Eagles,Craig James,CB
Saints,Deatrick Nichols,CB
Steelers,Quadree Henderson,WR
Titans,Jamil Douglas,RG
Giants,Jon Hilliman,HB
Broncos,Joe Jones,MLB
Buccaneers,Pat O'Connor,RE
Chiefs,Martinas Rankin,RT
Cowboys,Tevin Jones,WR
Dolphins,Trent Harris,LOLB
Bills,Jake Fromm,QB
Panthers,Andre Smith,MLB
Patriots,Quincy Adeboyejo,WR
Patriots,Michael Onwenu,RG
Patriots,Dustin Woodard,C
Raiders,Kendall Donnerson,ROLB
Redskins,Hale Hentges,TE
Redskins,Thaddeus Moss,TE
Saints,Garrett Griffin,TE
Browns,Donnie Lewis Jr,CB
Chiefs,Antonio Hamilton,CB
Vikings,Kris Boyd,CB
Broncos,Shakial Taylor,CB
Redskins,Danny Johnson,CB
Buccaneers,Raymond Calais,HB
Browns,Daniel Ekuale,DT
Buccaneers,Jordan Leggett,TE
Cardinals,Darrell Daniels,TE
Cowboys,Blake Bell,TE
Giants,Da'Mari Scott,WR
Lions,Frank Herron,LE
Lions,John Penisini,DT
Patriots,Tashawn Bower,LOLB
Redskins,Ross Pierschbacher,C
Vikings,Brian Cole II,SS
Titans,Chris Milton,CB
Jaguars,Devine Ozigbo,HB
Bengals,DaMarkus Lodge,WR
Broncos,Malik Carney,ROLB
Browns,Eli Ankou,DT
Chargers,Ryan Groy,C
Cowboys,Cole Hikutini,TE
Falcons,Edmond Robinson,LOLB
Buccaneers,Blaine Gabbert,QB
Lions,Jamal Agnew,WR
Packers,Kamal Martin,MLB
Packers,Robert Tonyan,TE
Packers,Gerald Willis III,RE
Ravens,Otaro Alaka,MLB
Lions,C.J. Moore,FS
Chiefs,BoPete Keyes,CB
Chargers,Quenton Meeks,CB
Packers,Will Redmond,FS
Chargers,Donald Parham,TE
Giants,Devante Downs,MLB
Giants,Shane Lemieux,LG
Giants,Chris Slayton,LE
Patriots,Jarrett Stidham,QB
Packers,Jonathan Garvin,ROLB
Raiders,Jordan Devey,C
Ravens,Jacob Breeland,TE
Falcons,Jamal Carter,SS
Rams,Jake Gervase,FS
Ravens,Nigel Warrior,SS
Bears,Stephen Denmark,CB
Giants,Montre Hartage,FS
Bengals,Brandon Wilson,FS
Vikings,Hercules Mata'afa,DT
Broncos,Jonathan Harris,LE
Buccaneers,Quinton Bell,LE
Buccaneers,Tanner Hudson,TE
Falcons,Jaeden Graham,TE
Broncos,Jeff Driskel,QB
Packers,Curtis Bolton,MLB
Saints,Cole Wick,TE
Vikings,Alexander Hollins,WR
Vikings,Olisaemeka Udoh,RT
49ers,Colton McKivitz,RG
Cardinals,Evan Weaver,MLB
Chiefs,Devaroe Lawrence,DT
Colts,Artavis Scott,WR
Cowboys,Jalen Jelks,LE
Jaguars,Brian Price,DT
Texans,A.J. McCarron,QB
Redskins,Jared Norris,MLB
Seahawks,Branden Jackson,DT
Seahawks,Cedric Ogbuehi,RT
Steelers,Carlos Davis,LE
Packers,Vernon Scott,FS
Titans,Nick Dzubnar,MLB
Titans,Cale Garrett,MLB
Broncos,Andrew Beck,TE
Browns,Stephen Carlson,TE
Colts,Danny Pinter,RG
Giants,Tae Crowder,MLB
Giants,Colt McCoy,QB
Packers,Tipa Galeai,LOLB
Panthers,Tyler Marz,RT
Seahawks,Joey Hunt,C
Steelers,Josiah Coatney,RE
Rams,Nick Scott,FS
Raiders,Keisean Nixon,CB
Titans,Chris Jackson,CB
Panthers,Stantley Thomas-Oliver III,CB
Texans,Steven Mitchell Jr,WR
Texans,Brent Qvale,LT
Bears,Abdullah Anderson,RE
Bengals,Michael Jordan,LG
Buccaneers,Antony Auclair,TE
Chargers,Joe Gaziano,RE
Chiefs,Deon Yelder,TE
Jaguars,Tyler Davis,TE
Patriots,Hjalte Froholdt,LG
Raiders,Anthony Ratliff-Williams,WR
Rams,Marquise Copeland,LE
Redskins,Keith Ismael,C
Texans,Roderick Johnson,RT
Steelers,Arrion Springs,CB
Titans,Rashard Davis,WR
Chargers,Jessie Lemonier,RE
Panthers,Ishmael Hyman,WR
Patriots,Yodny Cajuste,LT
Seahawks,Emmanuel Ellerbee,ROLB
Seahawks,Stephen Sullivan,WR
Falcons,Chris Cooper,FS
Chiefs,Rodney Clemons,SS
Packers,Raven Greene,SS
Packers,Stanford Samuels III,CB
Buccaneers,Mazzi Wilkins,CB
Jaguars,Chris Claybrooks,CB
Vikings,Mark Fields,CB
Browns,Tavierre Thomas,CB
Vikings,Dakota Dozier,LG
Bengals,Isaiah Prince,RT
Broncos,Josh Watson,MLB
Buccaneers,Kahzin Daniels,LOLB
Buccaneers,Noah Dawkins,MLB
Falcons,Jacob Tuioti-Mariner,DT
Giants,Cam Brown,MLB
Packers,Jon Runyan,LG
Panthers,DaVonte Lambert,DT
Patriots,Brandon King,ROLB
Redskins,Jeremy Vujnovich,RG
Saints,Patrick Omameh,RG
Saints,Calvin Throckmorton,RG
Seahawks,Chad Wheeler,RT
Steelers,Robert Spillane,MLB
Packers,Marc-Antoine Dequoy,CB
Giants,Chris Williamson,CB
Broncos,Patrick Morris,C
Chargers,Sam Tevi,RT
Cowboys,Luke Gifford,MLB
Dolphins,Danny Isidora,RG
Dolphins,Solomon Kindley,LG
Eagles,Bruce Hector,DT
Jets,Josh Andrews,LG
Jets,James Morgan,QB
Texans,Charlie Heck,LT
Bears,DeAndre Houston-Carson,FS
Titans,Joshua Kalu,FS
Chiefs,Alex Brown,CB
Cardinals,Jalen Davis,CB
Titans,Dalyn Dawkins,HB
Bengals,Jordan Franks,TE
Broncos,Kyle Peko,DT
Colts,Matt Lengel,TE
Falcons,Ahmad Thomas,MLB
Jaguars,Charles Jones,TE
Titans,Cole McDonald,QB
Packers,Elijah Wellman,FB
Patriots,Cassh Maluia,MLB
Patriots,Gunner Olszewski,WR
Redskins,Caleb Wilson,TE
Texans,Davin Bellamy,ROLB
Bengals,Hakeem Adeniji,RG
Bengals,Mason Schreck,TE
Broncos,Tyrie Cleveland,WR
Buccaneers,Nasir Player,ROLB
Lions,Jashon Cornell,DT
Rams,Johnny Mundt,TE
Ravens,Chauncey Rivers,LOLB
Texans,Greg Mancz,C
Browns,Donovan Olumba,CB
Colts,Bruce Anderson,HB
Falcons,Craig Reynolds,HB
Vikings,Kyle Hinton,LG
Bears,Jason Spriggs,RT
Bengals,Freedom Akinmoladun,DT
Buccaneers,Anthony Fabiano,LG
Jets,Wyatt Ray,LOLB
Panthers,Chris Reed,C
Falcons,Matt Schaub,QB
Rams,Tremayne Anchrum Jr,RG
Ravens,Will Holden,RT
Saints,Will Clapp,C
Seahawks,Ethan Pocic,C
Colts,Lafayette Pitts,CB
49ers,Shon Coleman,LT
Bears,Rashaad Coward,RT
Cowboys,Cody Wichmann,LG
Dolphins,Shaq Calhoun,RG
Chiefs,Chad Henne,QB
Raiders,Ukeme Eligwe,MLB
Redskins,Cornelius Lucas III,LT
Seahawks,Bryan Mone,DT
Steelers,Zach Banner,RT
Titans,Kareem Orr,CB
Steelers,Breon Borders,CB
Cardinals,Jace Whittaker,CB
Bengals,Moritz Boehringer,TE
Broncos,Derrek Tuszka,LOLB
Buccaneers,Chapelle Russell,MLB
Cowboys,Adam Redmond,LG
Jets,Ahmad Gooden,ROLB
Packers,Jake Hanson,C
Jets,David Fales,QB
Steelers,Calvin Taylor,RE
Titans,Nigel Harris,MLB
Chiefs,Chris Lammons,CB
Panthers,Cole Luke,CB
Raiders,D.J. Killings,CB
49ers,Kofi Amichia,LG
Cardinals,Max Garcia,RG
Eagles,Matt Pryor,LG
Jaguars,Jake Luton,QB
Packers,Lucas Patrick,RG
Packers,Simon Stepaniak,RG
Rams,Natrez Patrick,LOLB
Saints,Kaden Elliss,MLB
Texans,Peter Kalambayi,MLB
Bears,Ryan Nall,HB
Vikings,Brandon Dillon,TE
Browns,Willie Harvey,MLB
Browns,JoJo Natson,WR
Chargers,Cole Christiansen,MLB
Chiefs,Nick Allegretti,C
Falcons,John Wetzel,LT
Jets,B.J. Bello,MLB
Packers,James Looney,TE
Panthers,P.J. Walker,QB
Raiders,Jeremiah Valoaga,DT
Raiders,Sam Young,LT
Texans,Tyrell Adams,MLB
Titans,Matt Dickerson,DT
Colts,Rolan Milligan,SS
Browns,Robert Jackson,CB
Bears,Corey Levin,C
Bears,Lachavious Simmons,RG
Browns,Montrel Meander,ROLB
Eagles,Jordan Mailata,RT
Raiders,David Sharpe,RT
Rams,Jamil Demby,LG
Rams,Clay Johnston,MLB
Saints,Jason Vander Laan,TE
Titans,David Quessenberry,LT
Seahawks,Linden Stephens,CB
Titans,Senorise Perry,HB
Cardinals,Dennis Gardeck,MLB
Giants,Josiah Tauaefa,MLB
Lions,Beau Benzschawel,C
Packers,Evan Baylis,TE
Rams,Travin Howard,MLB
Vikings,Blake Brandel,RG
Texans,Buddy Howell,HB
Broncos,Austin Fort,TE
Cowboys,Brandon Knight,RT
Patriots,Jermaine Eluemunor,LG
Steelers,Devlin Hodges,QB
Titans,Jordan Williams,ROLB
Cowboys,Saivion Smith,CB
Bears,Arlington Hambright,LT
Cardinals,Parker Houston,TE
Cardinals,Sam Jones,LG
Lions,John Atkins,DT
Jaguars,Mike Glennon,QB
Chiefs,Jordan Ta'Amu,QB
Steelers,Zach Gentry,TE
Chargers,Donte Vaughn,CB
Patriots,Justin Herron,LT
Ravens,Tyler Huntley,QB
Ravens,R.J. Prince,RT
Saints,Krishawn Hogan,WR
Texans,Elijah Nkansah,RT
Broncos,Alijah Holder,FS
Eagles,Sua Opeta,LG
Falcons,Sean Harlow,RG
Falcons,Carson Meier,TE
Packers,Tim Boyle,QB
Rams,Chandler Brewer,RG
Seahawks,Jordan Simmons,RG
Steelers,Jarron Jones,LT
Chargers,Koda Martin,RG
Chiefs,Greg Senat,LT
Giants,T.J. Brunson,MLB
Giants,Garrett Dickerson,TE
Panthers,Chris Orr,MLB
Cowboys,Ben DiNucci,QB
Rams,Jeremiah Kolone,RG
Steelers,Derwin Gray,LT
Chiefs,Darryl Williams,C
Rams,Christian Rozeboom,MLB
Saints,Cameron Tom,C
Titans,Avery Gennesy,LG
Panthers,Quin Blanding,SS
Titans,Kenneth Durden,CB
49ers,Daniel Helm,TE
Cardinals,Vontarrius Dora,ROLB
Eagles,Alex Ellis,TE
Eagles,Nate Sudfeld,QB
Cardinals,Chris Jones,CB
Rams,Kendall Blanton,TE
Colts,Chad Kelly,QB
Bears,Alex Bars,LG
Colts,Le'Raven Clark,LT
Cowboys,Mitch Hyatt,LT
Giants,Nick Gates,RG
Jets,Brad Lundblade,RG
Panthers,Juwann Bushell-Beatty,LT
49ers,Jake Brendel,C
Broncos,Austin Schlottmann,C
Buccaneers,Zack Bailey,LG
Cardinals,Joshua Miles,LT
Chiefs,Yasir Durant,LT
Colts,Javon Patterson,C
Seahawks,Geno Smith,QB
Lions,David Blough,QB
Eagles,Kyle Lauletta,QB
Bills,Ryan Bates,LT
Rams,Cohl Cabral,C
Steelers,Paxton Lynch,QB
Seahawks,Jordan Roos,RG
Bears,Josh Woods,MLB
Giants,Mark McLaurin Jr,MLB
Packers,Yosuah Nijman,LT
Panthers,Temarrick Hemingway,TE
Rams,Daniel Bituli,MLB
49ers,C.J. Beathard,QB
Texans,Kyle Murphy,RT
Patriots,Korey Cunningham,RT
Ravens,Trystan Colon-Castillo,C
Buccaneers,Brad Seaton,RT
Cardinals,Steven Gonzalez,LG
Dolphins,Adam Pankey,LG
Dolphins,Malcolm Perry,WR
Jets,Conor McDermott,LT
Seahawks,Anthony Gordon,QB
Falcons,Kurt Benkert,QB
Texans,Rick Leonard,RT
Buccaneers,John Molchon,RG
Chargers,Storm Norton,RT
Chargers,Andrew Vollert,TE
Chiefs,Ryan Hunter,RG
Raiders,Rico Gafford,WR
Rams,Ethan Wolf,TE
Browns,Charley Hughlett,TE
Colts,Jake Eldrenkamp,LG
Dolphins,Keaton Sutherland,C
Jaguars,Ryan Pope,LT
Bengals,Ryan Finley,QB
Saints,Ethan Greenidge,RT
Redskins,Jeremy Reaves,FS
Chiefs,Emmanuel Smith,MLB
Falcons,Matt Gono,LG
Broncos,Brett Rypien,QB
Steelers,Christian DiLauro,RG
Broncos,Calvin Anderson,LT
Colts,Andrew Donnal,RT
Jaguars,Tyler Gauthier,C
Jets,James Murray,C
Rams,John Wolford,QB
Bengals,Fred Johnson,RG
Bills,Victor Salako,LG
Ravens,Trace McSorley,QB
Seahawks,Kyle Fuller,C
Chiefs,Jackson Barton,LT
Lions,Dan Skipper,RT
Panthers,Branden Bowen,RT
Ravens,Daishawn Dixon,LG
Bengals,Jake Dolegala,QB
Buccaneers,Ryan Griffin,QB
Titans,Aaron Brewer,C
49ers,Leonard Wester,RT
Cardinals,Ezekiel Turner,MLB
Chargers,Cole Toner,C
Panthers,Frederick Mauigoa,C
Patriots,Brian Lewerke,QB
Titans,Daniel Munyer,C
Bengals,O'Shea Dugas,LT
Jaguars,KC McDermott,RG
Packers,John Leglue,LT
Rams,Nate Trewyn,C
Chargers,Trent Scott,LT
Saints,Tommy Stevens,QB
Vikings,Sean Mannion,QB
Cowboys,Clayton Thorson,QB
Raiders,Andre James,C
Redskins,Paul Adams,LT
Vikings,Jake Browning,QB
Texans,Alex McGough,QB
Buccaneers,Aaron Stinnie,C
Texans,Isaac Whitney,WR
Giants,Chad Slade,LT
Giants,Eric Smith,LT
Bills,Garrett McGhin,RT
Cardinals,Brett Toth,RT
Chargers,Tyree St. Louis,RT
Vikings,Nate Stanley,QB
Titans,Zac Kerin,RG
49ers,Jaryd Jones-Smith,RT
Broncos,Jake Rodgers,RT
Colts,Chaz Green,RT
Bills,Davis Webb,QB
Jets,Ben Braden,LG
Packers,Alex Light,RT
Giants,Cooper Rush,QB
Bears,Sam Mustipher,C
Patriots,Najee Toran,RG
Redskins,Timon Parris,RT
Steelers,J.C. Hassenauer,C
Rams,Josh Love,QB
Rams,Bryce Perkins,QB
Eagles,Nate Herbig,C
Texans,David Steinmetz,LT
Raiders,Nathan Peterman,QB
Browns,Evan Brown,C
Bills,Ike Boettger,LG
Browns,Alex Taylor,RT
Packers,Cole Madison,C
Seahawks,Kahlil McKenzie,RG
Bears,Dino Boyd,LT
Chargers,Ryan Roberts,RT
Rams,Coleman Shelton,C
Steelers,J.T. Barrett IV,QB
Broncos,Nico Falah,C
Redskins,Nick Sundberg,C
Dolphins,Jake Rudock,QB
Giants,Alex Tanney,QB
Falcons,Danny Etling,QB
Browns,Garrett Gilbert,QB
Bears,Tyler Bray,QB
Titans,Logan Woodside,QB
Lions,Don Muhlbach,TE
Bengals,Clark Harris,TE
Falcons,Josh Harris,TE
Panthers,J.J. Jansen,TE
Cowboys,L.P. LaDouceur,TE
Ravens,Nick Moore,TE
Seahawks,Tyler Ott,TE
Bills,Reid Ferguson,TE
Rams,Jake McQuaide,TE
Titans,Beau Brinkley,TE
Giants,Casey Kreiter,TE
49ers,Kyle Nelson,TE
Cardinals,Aaron Brewer,TE
Jets,Thomas Hennessy,TE
Chiefs,James Winchester,TE
Bears,Patrick Scales,TE
Eagles,Rick Lovato,TE
Broncos,Jacob Bobenmoyer,TE
Ravens,Morgan Cox,TE
Texans,Jon Weeks,TE
Packers,Hunter Bradley,TE
Dolphins,Blake Ferguson,TE
Chargers,Cole Mazza,TE
Vikings,Austin Cutting,TE
Patriots,Joe Cardona,TE
Saints,Zach Wood,TE
Steelers,Kameron Canaday,TE
Jaguars,Matt Orzech,TE
Colts,Luke Rhodes,TE
Raiders,Trent Sieg,TE
Buccaneers,Zach Triner,TE