Player,Age_2018,2018_Overall,2018_Injury
Tom Brady,41,99,98
Rob Gronkowski,29,99,77
Antonio Brown,30,99,94
Von Miller,29,99,93
Aaron Rodgers,34,99,95
Luke Kuechly,27,99,89
Aaron Donald,27,99,95
J.J. Watt,29,98,79
Khalil Mack,27,98,97
Julio Jones,29,98,89
Jalen Ramsey,23,97,86
David Bakhtiari,26,97,89
Harrison Smith,29,97,95
Bobby Wagner,28,97,94
Le'Veon Bell,26,96,86
Eric Berry,29,96,90
Travis Frederick,27,96,98
Sean Lee,32,96,83
Zack Martin,27,96,97
David DeCastro,28,95,92
Rodney Hudson,29,95,92
Travis Kelce,28,95,82
Odell Beckham Jr,25,95,88
Damon Harrison Sr,29,95,91
Tyron Smith,27,95,84
Lavonte David,28,95,97
Cameron Jordan,29,95,95
Earl Thomas III,29,95,92
DeAndre Hopkins,26,94,94
A.J. Bouye,27,94,83
Malcolm Jenkins,30,94,96
Jordan Reed,28,94,80
Trent Williams,30,94,88
Ndamukong Suh,31,94,93
A.J. Green,30,93,91
Tyrann Mathieu,26,93,81
Delanie Walker,34,93,88
Brandon Brooks,29,93,87
Fletcher Cox,27,93,93
Brandon Graham,30,93,93
Desmond Trufant,27,93,95
David Johnson,26,93,90
Micah Hyde,27,92,93
Devin McCourty,31,92,95
Marshal Yanda,33,92,93
Calais Campbell,32,92,96
Keenan Allen,26,92,71
Ezekiel Elliott,23,92,93
Jason Kelce,30,92,90
Everson Griffen,30,92,88
Greg Olsen,33,92,92
Xavier Rhodes,28,92,88
Todd Gurley II,24,92,81
Patrick Peterson,28,92,97
Russell Wilson,29,92,97
Reshad Jones,30,91,87
Geno Atkins,30,91,85
Jadeveon Clowney,25,91,82
Andrew Norwell,26,91,92
Casey Hayward Jr,28,91,87
Zach Ertz,27,91,86
Lane Johnson,28,91,93
DeMarcus Lawrence,26,91,86
Jason Peters,36,91,88
Mike Daniels,29,91,84
Darius Slay Jr,27,91,92
Drew Brees,39,91,97
Devonta Freeman,26,91,94
Michael Thomas,25,91,90
LeSean McCoy,30,90,81
Telvin Smith,27,90,90
Joey Bosa,23,90,90
Justin Houston,29,90,88
Melvin Ingram III,29,90,88
Kelechi Osemele,29,90,88
Alshon Jeffery,28,90,91
Brandon Scherff,26,90,85
Adrian Amos,25,90,92
Stefon Diggs,24,90,83
Linval Joseph,29,90,87
Deion Jones,23,90,87
Marshon Lattimore,22,90,78
Alex Mack,32,90,98
Gerald McCoy,30,90,87
Doug Baldwin,29,90,92
Kam Chancellor,30,90,94
Lamarcus Joyner,27,90,93
Richard Sherman,29,90,96
Joe Staley,34,90,90
Cameron Wake,36,89,92
Tyler Eifert,27,89,78
Jimmy Smith,30,89,87
Brandon Williams,29,89,87
Joel Bitonio,26,89,92
T.Y. Hilton,28,89,89
Jabaal Sheard,29,89,89
Kevin Zeitler,28,89,91
Kevin Byard,25,89,90
Jurrell Casey,28,89,92
Brandon Linder,26,89,93
Melvin Gordon III,25,89,92
Kareem Hunt,23,89,88
Golden Tate III,30,89,89
Kawann Short,29,89,95
Mike Evans,25,89,91
Keanu Neal,23,89,90
Matt Ryan,33,89,98
Larry Fitzgerald,35,89,94
Chandler Jones,28,89,84
Aqib Talib,32,89,87
Josh Sitton,32,88,84
Julian Edelman,32,88,88
Jordan Poyer,27,88,87
Tre'Davious White,23,88,90
Cameron Heyward,29,88,89
Ben Roethlisberger,36,88,92
Myles Garrett,22,88,86
Chris Harris Jr,29,88,92
Emmanuel Sanders,31,88,87
Demaryius Thomas,30,88,89
Hunter Henry,23,88,89
Michael Bennett,32,88,92
Landon Collins,24,88,87
Janoris Jenkins,29,88,89
Davante Adams,25,88,92
Zach Brown,28,88,90
Kenny Clark,22,88,91
Cam Newton,29,88,97
Adam Thielen,28,88,90
Demar Dotson,32,88,84
Alvin Kamara,23,88,85
Michael Brockers,27,88,95
Andrew Whitworth,36,88,90
William Hayes,33,87,90
Stephon Gilmore,27,87,94
Jason McCourty,31,87,92
Vontaze Burfict,27,87,96
Michael Pierce,25,87,87
Andre Hal,26,87,94
Jarvis Landry,25,87,90
Andrew Luck,28,87,81
Malcolm Butler,28,87,90
Leonard Fournette,23,87,84
Dion Lewis,27,87,79
Tyreek Hill,24,87,88
Chris Jones,24,87,90
Philip Rivers,36,87,98
LeGarrette Blount,31,87,87
Ha Ha Clinton-Dix,25,87,95
Marvin Jones Jr,28,87,89
Ryan Kerrigan,30,87,92
Josh Norman,30,87,97
Glover Quin,32,87,88
D.J. Swearinger,27,87,91
Christian McCaffrey,22,87,88
Allen Robinson,25,87,89
Ryan Ramczyk,24,87,89
Brandin Cooks,24,87,92
Reuben Foster,24,87,77
Marcus Peters,25,87,95
Jamal Adams,23,86,92
Trey Flowers,25,86,94
Marcus Gilbert,30,86,94
Ryan Shazier,25,86,82
Terrell Suggs,35,86,88
Justin Tucker,28,86,95
Stephon Tuitt,25,86,84
Eric Weddle,33,86,95
Derrick Henry,24,86,90
Yannick Ngakoue,23,86,89
Brian Orakpo,32,86,86
Amari Cooper,24,86,84
Rashaan Melvin,28,86,86
Jordy Nelson,33,86,87
Donald Penn,35,86,89
Jason Verrett,27,86,82
Jay Ajayi,25,86,79
Ronald Darby,24,86,87
Carson Wentz,25,86,91
Jimmy Graham,31,86,92
T.J. Lang,30,86,92
Clay Matthews,32,86,88
Akiem Hicks,28,86,93
Kyle Rudolph,28,86,87
Tevin Coleman,25,86,82
Brent Grimes,35,86,89
Mark Ingram II,28,86,83
Grady Jarrett,25,86,84
DeForest Buckner,24,86,91
Pierre Garcon,32,86,90
Johnny Hekker,28,86,94
Danny Amendola,32,85,81
Danny Shelton,25,85,90
Joe Haden,29,85,95
Maurkice Pouncey,29,85,82
Jack Doyle,34,85,89
Johnathan Joseph,34,85,86
Lamar Miller,27,85,87
Tashaun Gipson,28,85,94
Malik Jackson,28,85,91
Taylor Lewan,27,85,89
Jared Cook,31,85,84
Marshawn Lynch,32,85,87
Nigel Bradham,28,85,96
Evan Engram,23,85,88
Chris Jones,29,85,92
Matthew Stafford,30,85,91
Rick Wagner,28,85,84
Dalvin Cook,23,85,86
Jordan Howard,23,85,87
Andrew Sendejo,30,85,87
Robert Alford,29,85,86
Matt Bryant,43,85,82
Demario Davis,29,85,91
DeSean Jackson,31,85,84
Robbie Gould,36,85,90
John Johnson III,22,85,93
Jerick McKinnon,26,85,85
Ja'Wuan James,26,84,88
Kenny Stills,26,84,92
Robby Anderson,25,84,85
David Andrews,26,84,87
Kelvin Benjamin,27,84,87
Charles Clay,29,84,97
Adrian Clayborn,30,84,87
Dont'a Hightower,28,84,90
Leonard Williams,24,84,85
Giovani Bernard,26,84,84
Morgan Burnett,29,84,85
Michael Crabtree,30,84,85
Carlos Dunlap,29,84,86
William Jackson,24,84,88
Tony Jefferson,26,84,82
Sam Koch,36,84,85
C.J. Mosley,26,84,86
Anthony Castonzo,30,84,87
Eric Ebron,25,84,90
Adam Vinatieri,45,84,90
Marcell Dareus,28,84,89
Myles Jack,22,84,86
Marquette King,29,84,90
Tahir Whitehead,28,84,96
Nelson Agholor,25,84,90
Jamison Crowder,25,84,91
Paul Richardson Jr,26,84,86
Theo Riddick,27,84,89
Alex Smith,34,84,88
Chris Thompson,27,84,81
Anthony Barr,26,84,85
Trey Burton,26,84,95
Danielle Hunter,23,84,90
Danny Trevathan,28,84,85
Daryl Williams,25,84,89
Ricardo Allen,26,84,93
Jason Pierre-Paul,29,84,93
Marcus Williams,21,84,90
Kyle Juszczyk,27,84,93
Patrick Chung,31,83,93
Stephen Gostkowski,34,83,88
Chris Hogan,29,83,88
Jerry Hughes,30,83,91
Jermaine Kearse,28,83,96
Shaq Mason,25,83,91
Steve McLendon,32,83,90
James White,26,83,88
Avery Williamson,26,83,92
Duke Johnson Jr,24,83,88
Quenton Nelson,22,83,96
Al Woods,31,83,88
Barry Church,30,83,97
Adoree' Jackson,22,83,88
Bradley Roby,26,83,87
Logan Ryan,27,83,94
Justin Simmons,24,83,88
Derek Wolfe,28,83,89
Travis Benjamin,28,83,82
Derek Carr,27,83,92
Dustin Colquitt,36,83,95
Karl Joseph,23,83,84
Corey Liuget,28,83,95
Sammy Watkins,25,83,88
Trevor Williams,24,83,89
Tim Jernigan,25,83,90
Nate Solder,30,83,87
Darren Sproles,35,83,87
Jonathan Stewart,31,83,80
Mike Wallace,32,83,92
Ezekiel Ansah,29,83,94
Randall Cobb,28,83,87
Vernon Davis,34,83,90
Blake Martinez,24,83,92
Muhammad Wilkerson,28,83,94
Tarik Cohen,23,83,86
Thomas Davis Sr,35,83,82
Dontari Poe,28,83,93
Sheldon Richardson,27,83,89
Vinny Curry,30,83,90
Cameron Meredith,25,83,87
Patrick Robinson,30,83,87
Ryan Schraeder,30,83,92
K.J. Wright,29,83,95
Jimmy Garoppolo,26,83,93
Jared Goff,23,83,90
Marquise Goodwin,27,83,86
Jaquiski Tartt,26,83,92
Robert Woods,26,83,94
Kenyan Drake,24,82,84
Trent Brown,25,82,85
Malcom Brown,24,82,92
Marcus Cannon,30,82,87
Trumaine Johnson,28,82,87
Kyle Williams,35,82,82
Carl Lawson,23,82,81
Josh Gordon,27,82,90
Carlos Hyde,27,82,86
Mychal Kendricks,28,82,87
Deshaun Watson,22,82,89
Johnathan Cyprien,28,82,93
Ron Leary,29,82,87
Marqise Lee,26,82,85
Rishard Matthews,28,82,88
Jahleel Addae,28,82,92
Kendall Fuller,23,82,84
Marcus Gilchrist,29,82,90
Anthony Hitchens,26,82,94
Tyrell Williams,26,82,85
Saquon Barkley,21,82,93
David Irving,25,82,88
Dak Prescott,25,82,92
Sterling Shepard,24,82,90
Dalvin Tomlinson,24,82,88
Olivier Vernon,27,82,90
Ameer Abdullah,25,82,84
Marcedes Lewis,34,82,85
Nick Perry,28,82,97
Matt Prater,34,82,85
Kirk Cousins,30,82,88
Devin Funchess,24,82,88
Latavius Murray,27,82,81
Julius Peppers,38,82,90
Trai Turner,25,82,92
Terron Armstead,27,82,84
Vic Beasley Jr,26,82,90
Cameron Brate,27,82,91
Ken Crawley,25,82,90
Ted Ginn Jr,33,82,90
Takkarist McKinley,22,82,87
Thomas Morstead,32,82,95
Ron Parker,31,82,88
Brooks Reed,31,82,87
Mohamed Sanu Sr,29,82,92
Max Unger,32,82,89
Tyler Lockett,25,82,81
Antoine Bethea,34,82,89
Nickell Robey-Coleman,26,82,87
Jermaine Gresham,30,82,84
DeVante Parker,25,81,87
Robert Quinn,28,81,91
Dwayne Allen,28,81,87
Trent Murphy,27,81,90
Artie Burns,23,81,87
Alex Collins,24,81,91
Joe Mixon,22,81,93
Shawn Williams,27,81,91
Will Fuller V,24,81,86
Zach Fulton,26,81,92
Derrick Kindred,24,81,88
Baker Mayfield,23,81,91
Whitney Mercilus,28,81,95
David Njoku,22,81,88
D.J. Reader,24,81,88
Tyrod Taylor,29,81,89
Shaquil Barrett,25,81,88
Jack Conklin,24,81,92
Dante Fowler Jr,24,81,85
Austin Seferian-Jenkins,25,81,83
DaQuan Jones,26,81,90
Case Keenum,30,81,85
Matt Paradis,28,81,85
Martavis Bryant,26,81,93
Laurent Duvernay-Tardif,27,81,93
Austin Ekeler,23,81,88
Bruce Irvin,30,81,94
Desmond King,23,81,94
Chidobe Awuzie,23,81,89
Cole Beasley,29,81,91
Jake Elliott,23,81,86
Jordan Hicks,26,81,79
Allen Hurns,26,81,92
Rodney McLeod Jr,28,81,92
Chris Long,33,81,86
Jalen Mills,24,81,88
Bryan Bulaga,29,81,83
Pernell McPhee,29,81,85
Ty Montgomery,25,81,84
Tavon Wilson Sr,28,81,87
Tress Way,28,81,92
Anthony Zettel,26,81,92
C.J. Anderson,27,81,87
Taylor Gabriel,27,81,87
Zach Miller,33,81,80
Roquan Smith,21,81,93
Cody Whitehair,26,81,90
Bryan Anger,29,81,97
Matt Bosher,30,81,92
De'Vondre Campbell,25,81,90
Tyeler Davison,25,81,88
Josh Hill,28,81,89
Ali Marpet,25,81,90
Jake Matthews,26,81,98
Alex Okafor,27,81,87
Duane Brown,33,81,93
Frank Clark,25,81,86
Sebastian Janikowski,40,81,90
Brandon Marshall,34,81,92
Corey Peters,30,81,88
Weston Richburg,27,81,92
Matt Haack,24,80,94
Ryan Allen,28,80,95
Henry Anderson,27,80,82
Duron Harmon,27,80,92
Chris Ivory,30,80,83
Buster Skrine,29,80,89
Brandon Carr,32,80,97
Javon Hargrave,25,80,89
Marlon Humphrey,22,80,89
Matthew Judon,26,80,84
Dre Kirkpatrick,28,80,85
JuJu Smith-Schuster,21,80,90
T.J. Watt,23,80,86
Briean Boddy-Calhoun,25,80,89
T.J. Carrie,28,80,79
Matthias Farley,26,80,90
E.J. Gaines,26,80,90
Denzel Ward,21,80,88
Blake Bortles,26,80,96
Bradley Chubb,22,80,96
Corey Davis,23,80,87
Ben Jones,29,80,92
Josh Kline,28,80,90
Brandon McManus,27,80,95
Darian Stewart,30,80,89
Dede Westbrook,24,80,82
Wesley Woodyard,32,80,95
David Amerson,26,80,91
Harrison Butker,23,80,87
Mario Edwards Jr,24,80,82
Justin Ellis,27,80,88
Derwin James,22,80,89
Derrick Johnson,35,80,82
Russell Okung,30,80,80
Mitchell Schwartz,29,80,84
Tavon Austin,28,80,86
Dan Bailey,30,80,88
Derek Barnett,22,80,88
Tyrone Crawford,28,80,83
Nick Foles,29,80,85
Byron Jones,25,80,90
Haloti Ngata,34,80,87
Matthew Ioannidis,24,80,91
Sam Martin,28,80,92
Mario Addison,30,80,90
Bryce Callahan,26,80,88
Kyle Fuller,26,80,89
Graham Gano,31,80,90
Eddie Jackson,24,80,80
Shaq Thompson,24,80,93
Trae Waynes,26,80,88
Kwon Alexander,24,80,84
Austin Hooper,23,80,90
Sheldon Rankins,24,80,90
Mitch Unrein,31,80,88
Benjamin Watson,37,80,85
Jameis Winston,24,80,96
Greg Zuerlein,30,80,95
Shaquill Griffin,23,80,92
Rodger Saffold III,30,80,84
Cooper Kupp,25,80,89
Bradley Pinion,24,80,92
Justin Pugh,28,80,90
Jamar Taylor,27,80,85
Minkah Fitzpatrick,21,79,94
Bobby McCain,25,79,84
Kelvin Beachum,29,79,95
Isaiah Crowell,25,79,93
Quincy Enunwa,26,79,93
Stephen Hauschka,33,79,90
Jordan Jenkins,24,79,86
Bilal Powell,29,79,88
Joe Thuney,25,79,92
Jordan Berry,27,79,88
Chris Boswell,27,79,94
John Brown,28,79,87
Darqueze Dennard,26,79,87
Joe Flacco,33,79,95
Cordy Glenn,28,79,89
Willie Henry,24,79,87
George Iloka,28,79,95
Lamar Jackson,21,79,90
Michael Johnson,31,79,88
Tyler Kroft,25,79,85
Brandon LaFell,31,79,94
Vance McDonald,28,79,84
Ronnie Stanley,24,79,91
Tavon Young,24,79,91
Corey Coleman,24,79,87
Aaron Colvin,26,79,81
Zach Cunningham,23,79,91
Damarious Randall,26,79,90
Garett Bolles,26,79,87
Keelan Cole,25,79,90
Brett Kern,32,79,78
Bennie Logan,28,79,92
Marcus Mariota,24,79,92
Donte Moncrief,25,79,91
Domata Peko Sr,33,79,92
Tank Carradine,29,79,81
Gabe Jackson,27,79,92
Reggie Ragland,24,79,87
Spencer Ware,26,79,92
Charcandrick West,27,79,87
Damien Williams,26,79,89
Kerwynn Williams,27,79,91
Mike Williams,23,79,84
Kony Ealy,26,79,92
Jourdan Lewis,23,79,94
Terrance Williams,28,79,92
Stefen Wisniewski,29,79,94
Jonathan Allen,23,79,85
Quinton Dunbar,26,79,89
Mike Adams,37,79,90
Prince Amukamara,29,79,90
Leonard Floyd,25,79,88
Charles Leno Jr,26,79,90
Eric Kendricks,26,79,83
Kyle Long,29,79,88
Ryan Quigley,28,79,95
Chris Godwin,22,79,97
O.J. Howard,23,79,95
Adam Humphries,25,79,87
Andy Levitre,32,79,95
Wil Lutz,24,79,82
David Onyemata,25,79,89
Brian Poole,25,79,86
Vita Vea,23,79,93
Arik Armstead,24,79,87
Budda Baker,22,79,89
Sam Bradford,30,79,78
Rob Havenstein,26,79,90
Dion Jordan,28,79,84
Andy Lee,36,79,84
Jarran Reed,24,79,91
Charles Harris,23,78,89
Ryan Tannehill,30,78,88
Lorenzo Alexander,35,78,90
Teddy Bridgewater,25,78,82
Rex Burkhead,28,78,87
Morris Claiborne,28,78,77
Vontae Davis,30,78,92
Lawrence Guy,28,78,92
Marcus Maye,25,78,87
Josh McCown,39,78,75
Cairo Santos,26,78,88
Ramon Foster,32,78,87
Mike Hilton,24,78,87
Hayden Hurst,25,78,90
Anthony Levine Sr,31,78,88
Patrick Ricard,24,78,79
Alejandro Villanueva,29,78,88
Vince Williams,28,78,81
Jordan Willis,23,78,93
Clayton Geathers,26,78,89
Ryan Grant,27,78,87
T.J. Green,23,78,88
Malik Hooker,22,78,85
Kareem Jackson,30,78,90
Shane Lechler,42,78,85
Benardrick McKinney,25,78,94
Jack Mewhort,26,78,93
Corey Moore,25,78,89
Emmanuel Ogbah,24,78,90
Jabrill Peppers,22,78,87
John Simon,27,78,86
Todd Davis,26,78,94
Cody Davis,29,78,90
Shelby Harris,27,78,90
Josh Lambo,27,78,92
Jermey Parnell,32,78,88
T.J. Yeldon,24,78,84
Forrest Lamp,24,78,94
Denzel Perryman,25,78,93
Caleb Sturgis,29,78,85
Will Hernandez,22,78,94
Josh Doctson,25,78,83
Kenny Golladay,24,78,88
Derrius Guice,21,78,92
Kerry Hyder Jr,27,78,87
Lance Kendricks,30,78,94
Morgan Moses,27,78,85
Jake Ryan,26,78,85
Orlando Scandrick,31,78,80
Preston Smith,25,78,93
Tramon Williams,35,78,93
James Bradberry,25,78,89
Kai Forbath,30,78,87
Eddie Goldman,24,78,85
Nick Kwiatkoski,25,78,90
Terence Newman,39,78,89
Michael Palardy,26,78,81
Torrey Smith,29,78,92
Kendall Wright,28,78,96
Ryan Jensen,27,78,92
Craig Robertson,30,78,87
Noah Spence,24,78,88
Justin Britt,27,78,85
Jaron Brown,28,78,89
Phil Dawson,43,78,85
Mike McGlinchey,24,78,94
Barkevious Mingo,27,78,90
Josh Rosen,21,78,86
John Sullivan,33,78,94
Solomon Thomas,22,78,97
A.J. Derby,26,77,82
Mike Gesicki,22,77,88
Tony Lippett,26,77,90
Laremy Tunsil,24,77,92
Albert Wilson,26,77,91
Dion Dawkins,24,77,89
Lac Edwards,26,77,85
Mike Gillislee,27,77,88
Jeremy Kerley,29,77,90
Shaq Lawson,24,77,84
Jordan Matthews,26,77,93
Sony Michel,23,77,87
Will Tye,26,77,88
Isaiah Wynn,21,77,88
Tyson Alualu,31,77,95
Clint Boling,29,77,97
Andy Dalton,30,77,96
Jesse James,24,77,92
Denico Autry,28,77,88
Seth DeValve,25,77,88
Bruce Ellington,27,77,87
Darren Fells,32,77,90
Margus Hunt,31,77,85
Christian Kirksey,26,77,92
Marlon Mack,22,77,89
Larry Ogunjobi,24,77,90
Rigoberto Sanchez,23,77,92
J.C. Tretter,27,77,85
Abry Jones,26,77,87
Brandon Marshall,28,77,89
Shane Ray,25,77,88
Ryan Succop,31,77,96
Allen Bailey,29,77,91
Jatavis Brown,24,77,89
Gareon Conley,23,77,86
Patrick Mahomes II,22,77,93
Brandon Mebane,33,77,87
Kolton Miller,22,77,87
Reggie Nelson,35,77,95
Steven Nelson,25,77,94
Seth Roberts,27,77,90
Taco Charlton,23,77,94
Corey Clement,23,77,86
Rhett Ellison,29,77,80
Leighton Vander Esch,21,77,87
Dallas Goedert,22,77,90
Sidney Jones IV,22,77,78
John Jerry,32,77,79
Xavier Woods,23,77,93
Jaire Alexander,21,77,87
Mason Crosby,33,77,90
Jarrad Davis,22,77,80
Taylor Decker,24,77,91
Quandre Diggs,26,77,92
Devon Kennard,27,77,80
Kevin King,23,77,86
Corey Linsley,27,77,87
Da'Ron Payne,21,77,95
A'Shawn Robinson,23,77,92
Luke Willson,28,77,79
Daniel Carlson,23,77,91
D.J. Moore,21,77,93
Riley Reiff,29,77,93
Dion Sims,27,77,79
Chandler Catanzaro,27,77,93
Brandon Coleman,26,77,88
Vernon Hargreaves III,23,77,88
Ronald Jones II,21,77,86
Charles Sims III,27,77,84
Calvin Ridley,23,77,86
Manti Te'o,27,77,86
Larry Warford,27,77,97
Mark Barron,28,77,81
Adrian Colbert,24,77,89
Ed Dickson,31,77,88
Michael Dickson,22,77,90
Gerald Everett,24,77,88
Tyler Higbee,25,77,88
George Kittle,24,77,88
J.D. McKissic,25,77,88
J.J. Nelson,26,77,81
Jimmie Ward,27,77,87
Frank Gore,35,76,86
T.J. McDonald Jr,27,76,84
Terrence Brooks,27,76,83
James Develin,30,76,92
Jeremy Hill,25,76,92
Jonathan Jones,24,76,84
Star Lotulelei,28,76,88
Matt Milano,24,76,94
Kyle Van Noy,27,76,87
Cordarrelle Patterson,27,76,94
Darryl Roberts,27,76,79
Chris Baker,30,76,88
Orlando Brown,22,76,93
Randy Bullock,28,76,87
Willie Snead IV,25,76,90
John Ross,23,76,87
Jacoby Brissett,25,76,90
Nick Chubb,22,76,86
Jamie Collins Sr,28,76,95
Ryan Kelly,25,76,90
Joe Schobert,24,76,91
Devontae Booker,26,76,90
Taven Bryan,22,76,94
Su'a Cravens,23,76,89
Rashaan Evans,21,76,88
Corey Grant,25,76,83
Clinton McDonald,31,76,86
Derrick Morgan,29,76,87
Taywan Taylor,23,76,94
Chris Conley,25,76,90
Eric Fisher,27,76,91
Virgil Green,30,76,88
Maurice Hurst,23,76,83
Doug Martin,29,76,86
Jalen Richard,24,76,88
Frostee Rucker,34,76,88
Giorgio Tavecchio,28,76,90
Jaylen Watkins,26,76,93
Maliek Collins,23,76,89
Randy Gregory,25,76,84
Jeff Heath,27,76,91
Eli Manning,37,76,98
Richard Rodgers,25,76,88
Charles Tapper,25,76,86
Connor Williams,21,76,86
Dustin Hopkins,27,76,87
T.J. Jones,26,76,94
Montae Nicholson,22,76,88
Samaje Perine,22,76,86
Frank Ragnow,22,76,89
Cornelius Washington,28,76,82
Kenjon Barner,29,76,88
Ross Cockrell,27,76,93
Ben Gedeon,23,76,96
Ryan Kalil,33,76,88
Aaron Lynch,25,76,88
Pat O'Donnell,27,76,85
Cody Parkey,26,76,92
Mike Remmers,29,76,89
Kevon Seymour,24,76,82
Adam Shaheen,23,76,88
Jarius Wright,28,76,94
Trey Hendrickson,23,76,92
P.J. Williams,25,76,90
Maurice Alexander,27,76,89
Matt Breida,23,76,89
Deone Bucannon,26,76,92
Brice Butler,28,76,88
Justin Coleman,25,76,89
Markus Golden,27,76,90
D.J. Humphries,24,76,82
Mike Iupati,31,76,88
Byron Maxwell,30,76,87
Bradley McDougald,27,76,89
Jason Myers,27,76,85
Rashaad Penny,22,76,94
Dante Pettis,22,76,88
Malcolm Smith,29,76,88
Trent Taylor,24,76,88
Korey Toomer,29,76,80
Andre Branch,29,75,89
Gavin Escobar,27,75,94
Xavien Howard,25,75,90
David Bass,27,75,95
Sam Darnold,21,75,88
Phillip Dorsett,25,75,83
Tremaine Edmunds,20,75,93
Andre Holmes,30,75,82
Zay Jones,23,75,94
Malcolm Mitchell,25,75,84
Terrelle Pryor Sr,29,75,88
Mark Andrews,21,75,88
Nick Boyle,25,75,92
Preston Brown,25,75,97
Carl Davis,26,75,84
Billy Price,23,75,89
Tarell Basham,24,75,93
Dylan Cole,24,75,86
Christian Covington,24,75,81
D'Onta Foreman,22,75,87
Zane Gonzalez,23,75,86
Ryan Griffin,28,75,88
Tyquan Lewis,23,75,89
Terrance Mitchell,26,75,94
Justin Reid,21,75,94
Braden Smith,22,75,91
Adam Gotsis,25,75,87
Harold Landry,22,75,88
Tajae Sharpe,23,75,89
Quinton Spain,26,75,95
Courtland Sutton,22,75,91
Drew Kaser,25,75,84
Obi Melifonwu,24,75,91
Mike Pouncey,29,75,80
Demarcus Robinson,23,75,89
Ahtyba Rubin,32,75,90
Anthony Sherman,29,75,92
Johnny Townsend,23,75,89
Anthony Brown,24,75,91
Riley Dixon,25,75,88
Rasul Douglas,23,75,90
Donnel Pumphrey Jr,23,75,86
Aldrick Rosas,23,75,83
Jaylon Smith,23,75,84
Deonte Thompson,29,75,86
Josh Jackson,22,75,90
Aaron Jones,23,75,85
Robert Kelley,25,75,85
Dean Lowry,24,75,91
JK Scott,21,75,91
Jamaal Williams,23,75,86
Sylvester Williams,29,75,93
Pat Elflein,24,75,92
Mike Hughes,21,75,94
Cre'Von LeBlanc,24,75,87
Beau Allen,26,75,93
Kendell Beckwith,23,75,84
Marcus Davenport,21,75,89
Brandon Fusco,28,75,84
William Gholston,27,75,87
Terrell McClain,30,75,87
Terrance West,27,75,91
Chris Carson,23,75,85
Garrett Celek,30,75,80
Dominique Easley,26,75,74
Samson Ebukam,23,75,92
Morgan Fox,23,75,91
Nazair Jones,23,75,86
Ricky Seals-Jones,23,75,85
Benson Mayowa,27,75,88
Haason Reddick,23,75,90
Jon Ryan,36,75,88
Ahkello Witherspoon,23,75,88
Davon Godchaux,23,74,89
Jordan Phillips,25,74,75
Akeem Spence,26,74,95
Cordrea Tankersley,24,74,96
Josh Allen,22,74,87
Corey Bojorquez,22,74,87
Travaris Cadet,29,74,83
Vladimir Ducasse,30,74,89
Marquis Flowers,26,74,91
Lorenzo Mauldin IV,25,74,82
Taiwan Jones,30,74,88
Deatrich Wise Jr,24,74,82
Spencer Long,27,74,80
Eric Rowe,25,74,84
Colton Schmidt,27,74,92
ArDarius Stewart,24,74,87
Javorius Allen,27,74,89
Jessie Bates III,21,74,90
Tyler Boyd,24,74,87
Kenneth Dixon,24,74,85
Terrell Edmunds,21,74,88
Patrick Onwuasor,26,74,89
Breshad Perriman,24,74,76
Za'Darius Smith,25,74,88
C.J. Uzomah,25,74,88
James Washington,22,74,93
Maxx Williams,24,74,83
Britton Colquitt,33,74,92
Austin Corbett,22,74,88
Nyheim Hines,21,74,88
Austin Howard,31,74,90
Kevin Johnson,26,74,84
Carl Nassib,25,74,89
Chester Rogers,24,74,88
Matt Slauson,32,74,86
Jake Butt,23,74,82
Logan Cooke,23,74,87
D.J. Hayden,28,74,80
Jeff Heuerman,25,74,84
Austin Johnson,24,74,89
Kendrick Lewis,30,74,80
Will Parks,24,74,89
LeShaun Sims,24,74,89
Jonnu Smith,23,74,89
Jared Veldheer,31,74,91
Jace Amaro,26,74,87
Dan Feeney,24,74,87
Dee Ford,27,74,86
Dexter McDonald,26,74,90
T.Y. McGill,25,74,90
Adrian Phillips,26,74,92
Ryan Switzer,23,74,92
Shane Tripucka,23,74,86
DeAndre Washington,25,74,90
Xavier Williams,26,74,87
Shareece Wright,31,74,85
Eli Apple,23,74,90
Wayne Gallman Jr,23,74,89
Alec Ogletree,26,74,87
Mason Foster,29,74,87
Davon House,29,74,95
Cam Johnson,28,74,78
Christian Jones,27,74,94
Josh Jones,23,74,88
Nevin Lawson,27,74,89
DeShawn Shead,29,74,90
Teez Tabor,21,74,90
Jonathan Bullard,24,74,89
Vernon Butler Jr,24,74,90
James Daniels,20,74,86
Anthony Harris,26,74,86
Donte Jackson,22,74,87
Anthony Miller,23,74,87
Captain Munnerlyn,30,74,91
Curtis Samuel,22,74,90
Mitchell Trubisky,24,74,93
Alex Anzalone,23,74,78
Vonn Bell,23,74,88
Justin Bethel,28,74,93
Kurt Coleman,30,74,88
Justin Hardy,26,74,92
Derrick Shelby,29,74,90
Ronald Blair III,25,74,91
Robert Nkemdiche,23,74,88
Aldrick Robinson,29,74,90
A.Q. Shipley,32,74,87
K'Waun Williams,27,74,91
Kiko Alonso,28,73,82
Jakeem Grant,25,73,85
Daniel Kilgore,30,73,87
Raekwon McMillan,21,73,90
Jason Sanders,22,73,83
Russell Bodine,26,73,93
Kenny Britt,29,73,82
Adam Butler,24,73,89
Darron Lee,23,73,90
Josh Martin,26,73,90
John Miller,25,73,85
Kevin Minter,27,73,86
Nick O'Leary,26,73,88
Thomas Rawls,25,73,85
Elandon Roberts,25,73,87
Courtney Upshaw,28,73,95
Clive Walford,26,73,88
Jon Bostic,27,73,85
Maurice Canady,24,73,88
James Conner,23,73,88
Sean Davis,24,73,90
Xavier Grimble,25,73,90
Kevin Huber,33,73,95
James Hurst,26,73,87
Albert McClellan,32,73,91
Nico Siragusa,24,73,90
Tim Williams,24,73,88
Pierre Desir,27,73,91
Ka'imi Fairbairn,24,73,83
Jamie Meder,27,73,91
Braxton Miller,25,73,85
Chris Smith,26,73,93
Justin Vogel,24,73,86
Kevin Dodd,26,73,87
Royce Freeman,22,73,87
Carlos Henderson,23,73,85
Ben Koyack,25,73,91
Niles Paul,29,73,86
Cam Robinson,22,73,93
Luke Stocker,30,73,83
Roberto Aguayo,24,73,89
P.J. Hall,23,73,92
Demetrius Harris,27,73,90
Tyrone Holmes,24,73,91
Jarvis Jenkins,30,73,80
Craig Mager,26,73,92
Mitch Morse,26,73,87
Uchenna Nwosu,22,73,92
Daniel Sorensen,28,73,93
Breeland Speaks,22,73,90
Eddie Vanderdoes,23,73,87
Daryl Worley,23,73,89
Michael Gallup,22,73,90
William Gay,33,73,93
Geoff Swaim,24,73,83
Damien Wilson,25,73,88
Marquess Wilson,25,73,88
Kyler Fackrell,26,73,86
Kerryon Johnson,21,73,85
Miles Killebrew,25,73,88
Stacy McGee,28,73,85
Fabian Moreau,24,73,85
Brian Quick,29,73,87
Michael Roberts,24,73,90
Quinten Rollins,26,73,92
Lane Taylor,28,73,90
Levine Toilolo,27,73,79
Sam Acho,29,73,88
Mackensie Alexander,24,73,89
Josh Bellamy,29,73,92
Marcus Cooper Sr,28,73,93
Wes Horton,28,73,88
David Morgan II,25,73,82
Kyle Love,31,73,84
Brian Robison,35,73,94
Da'Norris Searcy,29,73,92
Laquon Treadwell,23,73,88
Kevin White,26,73,74
Jay Bromley,26,73,95
Chris Conte,29,73,93
Ryan Fitzpatrick,35,73,89
M.J. Stewart Jr,22,73,93
Damontae Kazee,25,73,90
Zach Line,28,73,92
Isaiah Oliver,21,73,91
Ryan Smith,24,73,88
Evan Smith,32,73,88
Jeremiah Attaochu,25,73,87
Josh Bynes,29,73,84
Mike Davis,25,73,77
Dontae Johnson,26,73,92
Christian Kirk,21,73,91
Jeff Locke,28,73,97
Earl Mitchell,30,73,88
Olsen Pierre,25,73,90
Josh Reynolds,23,73,87
Andre Smith,31,73,86
Ethan Westbrooks,27,73,90
Ramik Wilson,26,73,92
Stephone Anthony,26,72,84
Brock Osweiler,27,72,96
Rafael Bush,31,72,87
Duke Dawson Jr,22,72,91
Phillip Gaines,27,72,87
Jacob Hollister,24,72,84
Kevin Pierre-Louis,26,72,85
Elijah McGuire,24,72,87
Jordan Mills,27,72,93
Troy Niklas,25,72,87
Tenny Palepoi,27,72,88
Derek Rivers,24,72,90
Deon Simon,28,72,73
Eddie Yarbrough,25,72,81
Tyus Bowser,23,72,88
Bud Dupree,25,72,89
Ryan Glasgow,24,72,87
Justin Hunter,27,72,84
Mark Walton Jr,21,72,87
Mason Rudolph,23,72,91
Coty Sensabaugh,29,72,95
Brent Urban,27,72,74
Johnson Bademosi,28,72,93
Ibraheim Campbell,26,72,82
Trevon Coley,24,72,88
Keke Coutee,21,72,89
Nate Hairston,24,72,90
Joel Heath,25,72,89
Senio Kelemete,28,72,84
Darius Leonard,23,72,93
Chris McCain,26,72,93
Hassan Ridgeway,23,72,82
Kemoko Turay,23,72,85
Carlos Watkins,24,72,91
Quincy Wilson,22,72,87
Tramaine Brock Sr,30,72,93
D.J. Chark,21,72,90
Will Compton,28,72,91
James O'Shaughnessy,26,72,85
Dawuane Smoot,23,72,91
DeMarcus Walker,23,72,92
Joe Barksdale,30,72,90
Kyle Emanuel,27,72,92
Derrick Nnadi,22,72,89
Darius Philon,24,72,89
Lorenzo Carter,22,72,89
La'el Collins,25,72,87
Kavon Frazier,24,72,91
B.J. Goodson,25,72,89
Brett Jones,27,72,86
Roger Lewis Jr,24,72,87
Cody Latimer,26,72,82
Justin March-Lillard,25,72,80
Kareem Martin,26,72,91
Josh Mauro,27,72,95
Russell Shepard,27,72,89
Michael Thomas,29,72,90
Paul Worrilow,28,72,91
Ryan Anderson,24,72,89
DeShone Kizer,22,72,93
Damiere Byrd,25,72,83
Bennie Fowler III,27,72,82
LaDarius Gunter,26,72,91
Daeshon Hall,23,72,93
John Jenkins,29,72,88
Matt Kalil,29,72,91
Brian O'Neill,22,72,93
David Parry,26,72,78
Marcus Sherels,30,72,88
Michael Hoomanawanui,30,72,83
Mitchell Loewen,25,72,88
Andrus Peat,24,72,90
Jacquizz Rodgers,28,72,87
Eric Saubert,24,72,91
Boston Scott,23,72,87
Ito Smith,22,72,89
Tre'quan Smith,22,72,92
Donovan Smith,25,72,87
J.R. Sweezy,29,72,87
Stevie Tu'Ikolovatu,27,72,88
Blidi Wreh-Wilson,28,72,85
Jonathan Cooper,28,72,79
Sheldon Day,24,72,89
Sam Ficken,25,72,85
D.J. Fluker,27,72,92
Mike Glennon,28,72,93
Shaquem Griffin,23,72,91
Tom Johnson,34,72,87
T.J. Logan,23,72,89
Cassius Marsh,26,72,92
Malik McDowell,22,72,92
Sam Shields,30,72,84
Shamar Stephen,27,72,90
Laken Tomlinson,26,72,92
Kalen Ballage,22,71,91
James Carpenter,29,71,86
Xavier Cooper,26,71,92
Brandon Copeland,27,71,87
Charles Johnson,29,71,90
Cyrus Jones,24,71,88
Khari Lee,26,71,86
Jordan Leggett,23,71,86
A.J. McCarron,27,71,94
Rontez Miles,29,71,92
Harrison Phillips,22,71,88
Rashard Robinson,23,71,90
Eric Tomlinson,26,71,91
J.J. Wilcox,27,71,86
Andrew Billings,23,71,87
Jordan Dangerfield,27,71,87
Robert Griffin III,28,71,73
Sam Hubbard,23,71,92
Vince Mayle,27,71,91
Dan McCullers,26,71,88
Chris Moore,25,71,89
Vincent Rey,30,71,93
KeiVarae Russell,24,71,86
Nick Vigil,25,71,90
L.T. Walton,26,71,91
Matt Wile,26,71,81
Stephen Anderson,25,71,87
Brandon Dunn,25,71,90
Chris Hubbard,27,71,91
Anthony Walker Jr,23,71,93
Ricardo Louis,24,71,89
Nick Martin,25,71,85
Christine Michael,27,71,84
Rakeem Nunez-Roches,25,71,81
Brennan Scarlett,25,71,76
Chad Thomas,22,71,90
Robert Turbin,28,71,83
A.J. Cann,26,71,93
Rashad Greene Sr,25,71,85
Daesean Hamilton,23,71,92
Zach Kerr,28,71,82
James Cowser,27,71,87
Leon Hall,33,71,87
Treyvon Hester,25,71,90
Akeem Hunt,25,71,87
Justin Jackson,23,71,91
Nicholas Morrow,23,71,80
Keith Reaser,27,71,80
Isaac Rochell,23,71,94
Lee Smith,30,71,84
De'Anthony Thomas,25,71,80
Timothy Wright,28,71,89
Mack Hollins,24,71,89
Datone Jones,28,71,87
Kyle Lauletta,22,71,88
Jamize Olawale,29,71,92
Bo Scarbrough,21,71,85
Rod Smith,26,71,89
Darian Thompson,24,71,88
Hal Vaitai,25,71,91
Kerry Wynn,27,71,94
Montravius Adams,23,71,96
Geronimo Allison,25,71,87
Nick Bellore,29,71,87
Vince Biegel,25,71,85
Graham Glasgow,26,71,89
Josh Hawkins,25,71,85
Ziggy Hood,31,71,87
Jeremiah Ledbetter,24,71,91
Keith Marshall,24,71,84
Sean McGrath,30,71,90
Ty Nsekhe,32,71,85
Lenzy Pipkins,24,71,80
Phil Taylor Sr,30,71,79
Zach Vigil,27,71,91
Daniel Brown,26,71,89
Nick Easton,26,71,91
Colin Jones,30,71,88
Tavarres King,28,71,87
Bobby Massie,29,71,90
Trevor Siemian,26,71,85
Nick Williams,28,71,93
Peyton Barber,24,71,88
Will Clarke VI,27,71,87
Jack Crawford,29,71,84
Carlton Davis,21,71,89
Jayrone Elliott,26,71,92
Justin Evans,23,71,87
Josh Huff,26,71,87
Hau'oli Kikaha,26,71,77
A.J. Klein,27,71,91
Leon McFadden,27,71,90
Duke Riley,24,71,88
Tom Savage,28,71,86
Deadrin Senat,24,71,91
Keith Tandy,29,71,93
Evan Boehm,25,71,89
Jamon Brown,25,71,91
Amara Darboh,24,71,90
Will Dissly,22,71,89
Chase Edmonds,22,71,84
C.J. Goodwin,28,71,91
Troy Hill,27,71,89
Marcus Smith II,26,71,89
Matt Longacre,26,71,87
C.J. Prosise,24,71,79
Nick Vannett,25,71,86
Fred Warner,21,71,86
Dekoda Watson,30,71,84
Joe Williams,24,71,94
Chase Allen,25,70,89
Jerome Baker,21,70,91
Leonte Carroo,24,70,88
Isaiah Ford,22,70,89
Vincent Taylor,24,70,92
Jonathan Woodard,25,70,89
Braxton Berrios,22,70,82
Juston Burris,25,70,90
Trenton Cannon,24,70,88
Terrence Fede,26,70,94
Ted Karras,25,70,92
Deon Lacey,28,70,84
Kelcie McCray,29,70,90
Marcus Murphy,26,70,77
Owa Odighizuwa,26,70,74
Nathan Shepherd,24,70,90
Rod Streater,30,70,90
Travis Swanson,27,70,94
Logan Thomas,27,70,88
Vincent Valentine,24,70,85
LaAdrian Waddle,27,70,88
Adolphus Washington,23,70,88
Anthony Averett,23,70,92
B.J. Finney,26,70,92
Jake Fisher,25,70,83
Trey Hopkins,26,70,91
Malik Jefferson,21,70,87
Bronson Kaufusi,27,70,90
Alex Lewis,26,70,89
Josh Malone,22,70,89
Chris Wormley,24,70,90
Kenny Young,23,70,89
Jordan Akins,26,70,82
Jeff Allen,28,70,85
Angelo Blackson,25,70,90
Caleb Brantley,23,70,88
Antonio Callaway,21,70,88
Treston DeCoud,25,70,86
Najee Goode,29,70,88
Rashard Higgins,23,70,90
Antonio Morrison,24,70,84
Nate Orchard,25,70,90
MyCole Pruitt,26,70,84
Drew Stanton,34,70,86
Jordan Wilkins,24,70,82
Blair Brown,24,70,93
Dane Cruikshank,23,70,92
Troy Fumagalli,23,70,80
Blaine Gabbert,28,70,90
Ronnie Harrison,21,70,94
David King,28,70,92
Brendan Langley,23,70,91
Paxton Lynch,24,70,85
Stansly Maponga Sr,27,70,83
Isaiah McKenzie,23,70,87
Jalen Myrick,23,70,83
Tyler Patmon,27,70,88
Carroll Phillips,25,70,91
Jordan Taylor,26,70,86
Austin Traylor,24,70,85
Jarrod Wilson,25,70,91
Isaac Yiadom,22,70,86
Shilique Calhoun,26,70,91
Derek Carrier,28,70,86
Robert Golden,27,70,92
Johnny Holton,27,70,87
Arden Key,22,70,87
Denver Kirkland,24,70,91
Emmanuel Lamur,29,70,88
Kyle Wilber,29,70,88
Andrew Adams,25,70,88
Dorance Armstrong Jr,21,70,87
Donte Deayon,24,70,88
Nathan Gerry,23,70,87
John Greco,33,70,92
Kamu Grugier-Hill,24,70,92
B.J. Hill,22,70,91
Blake Jarwin,24,70,89
Steven Means,28,70,93
Corey Nelson,26,70,89
Patrick Omameh,28,70,92
Josh Sweat,21,70,86
Joe Thomas,27,70,90
Chance Warmack,26,70,93
B.W. Webb,28,70,90
Markus Wheaton,27,70,88
Cedrick Wilson,22,70,88
Demetri Goodson,29,70,75
Brett Hundley,25,70,90
Shawn Lauvao,30,70,88
Marquez Valdes-Scantling,23,70,90
Martrell Spaight,25,70,88
Zach Zenner,25,70,88
Marlon Brown,27,70,82
Benny Cunningham,28,70,84
Corn Elder,23,70,90
Jalyn Holmes,22,70,90
Dorian Johnson,23,70,96
Jaleel Johnson,24,70,93
Tyler Larsen,27,70,96
David Mayo,24,70,78
Jordan Morgan,26,70,91
Ian Thomas,22,70,84
John Timu,26,70,88
Earl Watford,28,70,95
Fozzy Whittaker,29,70,83
Ben Garland,30,70,92
Marvin Hall,25,70,86
George Johnson Jr,30,70,82
Josh Robinson,27,70,93
Nathan Stupar,30,70,92
C.J. Beathard,24,70,86
Bene' Benwikere,26,70,93
Kendrick Bourne,23,70,80
Justin Davis,22,70,88
Rudy Ford,23,70,88
Joshua Garnett,24,70,90
Rasheem Green,21,70,88
Rodney Gunter,26,70,88
Bryce Hager,26,70,83
D.J. Jones,23,70,92
John Kelly,21,70,88
Tre Madden,25,70,77
Ejuan Price,25,70,83
Tedric Thompson,23,70,86
Walt Aikens,27,69,93
Thomas Duarte,23,69,90
MarQueis Gray,28,69,91
Mike Hull,27,69,89
Durham Smythe,23,69,85
Gabe Wright,26,69,90
Ja'Whaun Bentley,22,69,82
Keion Crossen,24,69,89
Nate Ebner,29,69,92
Ryan Groy,27,69,88
Chad Hansen,23,69,87
Christopher Herndon IV,22,69,88
Brian Hoyer,32,69,84
Jason King,24,69,88
Parry Nickerson,23,69,80
Jordan Richards,25,69,93
Brandon Shell,26,69,92
Devin Smith,26,69,84
Julian Stanford,27,69,87
Wyatt Teller,23,69,92
Lucky Whitehead,26,69,88
Brian Winters,27,69,87
Brian Allen,24,69,90
Matt Barkley,27,69,87
Darrius Heyward-Bey,31,69,86
Andrew Brown,22,69,86
Cody Core,24,69,88
Kamalei Correa,23,69,89
Joshua Dobbs,23,69,84
Matt Feiler,26,69,87
Dashaun Phillips,27,69,89
Jaleel Scott,23,69,89
Josh Shaw,26,69,78
Cameron Sutton,23,69,88
Tyrell Adams,26,69,88
Devon Cajuste,25,69,87
Darrell Daniels,23,69,87
Denzelle Good,27,69,84
Jermaine Grace,24,69,89
Joe Haeg,25,69,92
Kenny Moore II,23,69,88
Jeff Janis,27,69,95
Darius Kilgo,26,69,88
Ross Travis,25,69,86
D.J. White,24,69,90
Howard Wilson,22,69,85
Eli Ankou,24,69,86
Michael Bennett,25,69,86
Don Carey,31,69,87
Max Garcia,26,69,88
Deon King,25,69,90
Kapron Lewis-Moore,28,69,74
Jaydon Mickens,24,69,81
Kevin Pamphile,27,69,93
Kalan Reed,24,69,90
Tye Smith,25,69,94
Phillip Supernaw,28,69,90
Brandon Thomas,27,69,76
Pharaoh Brown,24,69,80
Dylan Cantrell,24,69,86
Dwayne Harris,30,69,88
Justin Jones,22,69,89
Marquel Lee,22,69,93
E.J. Manuel,28,69,87
Brandon Parker,22,69,94
Tremon Smith,22,69,90
Damion Square,29,69,87
Kyzir White,22,69,89
Frank Zombo,31,69,85
Ereck Flowers,24,69,84
Rico Gathers,24,69,89
Mark Herzlich,31,69,80
Avonte Maddox,22,69,84
Travis Rudolph,22,69,88
Dalton Schultz,22,69,91
Bryce Treggs,24,69,86
Jamal Agnew,23,69,87
Troy Apke,23,69,93
Tavaris Barnes,26,69,83
Trevor Davis,25,69,88
Jonathan Freeny,29,69,86
Da'Shawn Hand,22,69,88
Kevin Hogan,25,69,91
J'Mon Moore,23,69,89
Trey Quinn,22,69,87
Jeremy Sprinkle,24,69,89
Tracy Walker,23,69,90
Cameron Artis-Payne,28,69,90
Aviante Collins,25,69,87
Tom Compton,29,69,94
Bryan Cox,24,69,85
Rashaan Gaulden,23,69,88
C.J. Ham,25,69,90
Roy Robertson-Harris,25,69,87
Marquis Haynes,24,69,91
Sherrick McManis,30,69,76
Taquan Mizzell,24,69,88
Ifeadi Odenigbo,24,69,88
Stephen Weatherly,24,69,88
Antwione Williams,25,69,91
Jermon Bushrod,34,69,92
Jack Cichy,22,69,86
Javien Elliott,25,69,87
Adarius Glanton,27,69,89
Woodrow Hamilton,25,69,88
Kemal Ishmael,27,69,89
Justin Watson,23,69,90
D.J. Alexander,26,69,81
Malcolm Brown,25,69,87
Blake Countess,25,69,88
Eli Harold,24,69,92
Delano Hill,22,69,91
Germain Ifedi,24,69,87
Branden Jackson,25,69,87
Quinton Jefferson,25,69,86
Don Jones,28,69,91
Gabe Martin,26,69,87
Tanner McEvoy,25,69,88
Tarvarius Moore,22,69,89
Mike Person,30,69,90
Ethan Pocic,23,69,89
Jullian Taylor,23,69,78
Brandon Williams,25,69,91
Chad Williams,23,69,88
Cornell Armstrong,22,68,87
Trae Elston,24,68,78
Jordan Lucas,25,68,87
Bryce Petty,27,68,79
Brandon Bolden,28,68,86
Antonio Garcia,24,68,85
Geneo Grissom,26,68,83
Jonotthan Harrison,27,68,94
Ramon Humber,31,68,87
Ben Ijalana,29,68,85
Ryan Izzo,22,68,87
Taron Johnson,22,68,87
Harvey Langi,25,68,93
Eric Lee,24,68,86
Ray-Ray McCloud,21,68,91
Siran Neal,24,68,92
Marshall Newhouse,29,68,91
Mike Pennel,27,68,92
Nathan Peterman,24,68,90
Matthew Slater,32,68,90
Keith Towbridge,23,68,86
Stanley Jean-Baptiste,28,68,86
Cethan Carter,24,68,85
Anthony Chickillo,25,68,92
Jeff Driskel,25,68,89
L.J. Fort,28,68,92
Davontae Harris,23,68,83
Ryan Hewitt,27,68,93
Jordan Lasley,21,68,91
Roosevelt Nix,26,68,90
Cedric Ogbuehi,26,68,74
Stevan Ridley,29,68,82
Jaylen Samuels,22,68,91
Auden Tate,21,68,91
Alfred Blue,27,68,79
Deon Cain,22,68,92
Spencer Drango,25,68,91
Duke Ejiofor,23,68,86
Reece Fountain,22,68,90
Zaire Franklin,22,68,91
Ben Heeney,25,68,85
Seantrel Henderson,26,68,82
Joe Webb III,31,68,88
Ufomba Kamalu,25,68,89
Matt Lengel,27,68,80
Grover Stewart,24,68,93
Zaire Anderson,26,68,85
Jayon Brown,23,68,90
Chad Kelly,24,68,86
Lerentee McCray,28,68,74
Connor McGovern,25,68,90
Jeremiah Poutasi,24,68,92
Akrum Wadley,23,68,88
Josh Wells,27,68,90
Marcell Ateman,23,68,88
Braedon Bowman,24,68,88
Stefan Charles,30,68,88
Sean Culkin,25,68,88
Ukeme Eligwe,24,68,87
Justin Hamilton,25,68,87
Rayshawn Jenkins,24,68,84
Tanoh Kpassagnon,24,68,88
Eric Murray,24,68,91
Nick Nelson,21,68,91
James Onwualu,23,68,94
Will Redmond,24,68,87
Geno Smith,27,68,83
Armani Watts,22,68,82
Ray-Ray Armstrong,27,68,89
Noah Brown,22,68,86
Cameron Fleming,25,68,93
Chris Lewis-Harris,29,68,92
Chris Maragos,31,68,90
Avery Moss,23,68,88
Lewis Neal,23,68,93
Elijah Qualls,23,68,89
Wendell Smallwood,24,68,89
Destiny Vaeao,24,68,86
Davis Webb,23,68,85
Kentrell Brice,24,68,92
Oren Burks,23,68,88
Geron Christian,21,68,92
Tyrell Crosby,22,68,87
Joshua Holsey,24,68,83
Anthony Lanier II,25,68,88
Arie Kouandjio,26,68,73
James Looney,23,68,94
Jalen Reeves-Maybin,23,68,86
Alex McCalister,24,68,87
Chase Roullier,25,68,93
Greg Stroman,22,68,87
Tashawn Bower,23,68,88
DeAndre Houston-Carson,25,68,89
Tyler Conklin,23,68,84
Danny Isidora,24,68,86
Joel Iyiegbuniwe,22,68,81
Bilal Nichols,21,68,88
Amini Silatolu,29,68,85
Javon Wims,23,68,90
Chris Banjo,28,68,88
Alex Cappa,23,68,91
Trey Edmunds,23,68,81
Justin Hardee,24,68,80
De'Vante Harris,24,68,93
Daniel Lasco,25,68,84
Kamrin Moore,21,68,82
Al-Quadin Muhammad,23,68,91
Austin Pasztor,27,68,95
Ty Sambrailo,26,68,90
Matt Schaub,37,68,80
Jordan Whitehead,21,68,84
Bryson Albright,24,68,92
Alex Carter,23,68,84
Sebastian Joseph-Day,23,68,90
Antone Exum Jr,27,68,81
George Fant,26,68,86
Cole Hikutini,26,68,91
Scooby Wright III,24,68,82
Richie James,22,68,86
Micah Kiser,22,68,91
Elijah Lee,22,68,93
Cory Littleton,24,68,86
Greg Mabin,24,68,77
Mark Nzeocha,28,68,76
Ogbonnia Okoronkwo,23,68,90
D.J. Reed,21,68,88
Tanzel Smart,23,68,88
Kentavius Street,21,68,88
Neiko Thorpe,28,68,92
Cole Wick,24,68,87
Isaac Asiata,25,67,95
David Fales,27,67,92
Ted Larsen,31,67,92
Breon Borders,23,67,90
Jason Croom,24,67,82
Patrick DiMarco,29,67,92
Dylan Donahue,26,67,91
Obum Gwacham,27,67,87
Neville Hewitt,25,67,88
L.J. McCray II,27,67,88
Dean Marlowe,25,67,92
Lafayette Pitts,25,67,88
Austin Proehl,22,67,85
Matt Tobin,28,67,88
Keion Adams,23,67,92
Marcus Allen,22,67,92
Deshon Elliott,21,67,88
Jordan Evans,23,67,91
Clayton Fejedelem,25,67,92
Jerald Hawkins,24,67,89
Tyler Matakevich,25,67,91
Kai Nacua,23,67,88
Chukwuma Okorafor,21,67,91
Darius Phillips,22,67,87
Mason Schreck,24,67,86
Zach Sieler,22,67,88
Genard Avery,23,67,86
Sammie Coates Jr,25,67,88
Shon Coleman,26,67,81
Justin Currie,24,67,88
Jeremiah George,26,67,92
Michael Jordan,24,67,87
Jermaine Kelly Jr,23,67,87
Peter Kalambayi,23,67,90
Josh Keyes,25,67,89
Martinas Rankin,23,67,87
Damion Ratley,23,67,90
Caraun Reid,26,67,86
Greg Robinson,25,67,94
Derron Smith,26,67,81
Donald Stephenson,29,67,84
Erik Swoope,26,67,85
Simeon Thomas,24,67,90
Daren Bates,27,67,88
Michael Campanaro,27,67,77
Leon Jacobs,22,67,87
Josey Jewell,23,67,91
Cody Kessler,25,67,89
Cyrus Kouandjio,25,67,78
Deiontrez Mount,25,67,88
Nate Palmer,28,67,89
Gimel President,25,67,85
Marcus Rush,27,67,88
Sammy Seamster,27,67,92
Billy Turner,26,67,93
Aaron Wallace,25,67,88
DeShawn Williams,25,67,88
Vadal Alexander,24,67,90
Fadol Brown,25,67,86
Jehu Chesson,24,67,88
Michael Davis,23,67,88
Parker Ehinger,25,67,88
Jon Feliciano,27,67,90
Chad Henne,33,67,90
Hayes Pullard III,26,67,94
Dorian O'Daniel,23,67,90
Terrance Smith,25,67,80
Azeem Victor,22,67,82
Josh Adams,21,67,87
Jerell Adams,25,67,86
Shelton Gibson,23,67,87
Marqueston Huff,26,67,95
RJ McIntosh,22,67,91
Joshua Perkins,25,67,86
Matt Pryor,23,67,83
LaRoy Reynolds,27,67,88
Robert Thomas,27,67,84
Joe Walker,25,67,90
Jihad Ward,24,67,91
Chad Wheeler,24,67,80
Marquez White,23,67,88
Trey Williams,25,67,81
Antwaun Woods,25,67,81
Kofi Amichia,24,67,91
Alex Barrett,24,67,88
Nick Bawden,22,67,90
Adam Bisnowaty,24,67,83
Equanimeous St. Brown,21,67,88
T.J. Clemmings,26,67,92
Marwin Evans,25,67,92
Toby Johnson,27,67,86
Wesley Johnson,27,67,94
Steve Longa,23,67,89
Justin McCray,26,67,88
Christian Ringo,26,67,85
Jason Spriggs,24,67,90
Dwayne Washington,24,67,81
Kenny Wiggins,30,67,92
Ade Aruna,24,67,86
Evan Baylis,24,67,82
Ben Braunecker,24,67,87
Kentrell Brothers,25,67,92
Stacy Coley,23,67,85
Chase Daniel,31,67,90
Lorenzo Doss,24,67,92
Kylie Fitts,23,67,84
Doran Grant,25,67,92
Isaiah Irving,24,67,87
Ben Jacobs,30,67,95
Jayron Kearse,24,67,91
Matthew McCants,29,67,91
Zach Moore,27,67,92
Taylor Moton,24,67,97
Jared Norris,25,67,90
Kendrick Norton,21,67,92
Dezmen Southward,27,67,92
Bradley Sowell,29,67,91
Devante Bond,25,67,87
Riley Bullough,24,67,89
Garrett Griffin,24,67,88
Natrell Jamerson,22,67,88
Mike Liedtke,26,67,87
Pat O'Connor,24,67,88
Logan Paulsen,31,67,89
Garrison Smith,26,67,87
Christian Campbell,22,67,87
Mason Cole,22,67,93
John Franklin-Myers,21,67,90
Garry Gilliam,27,67,84
Will Holden,24,67,90
Cornelius Lucas,27,67,92
Raheem Mostert,26,67,87
Taurean Nixon,27,67,85
Joseph Noteboom,23,67,90
Kevin Peterson,24,67,86
Pita Taumoepenu,24,67,92
Jesse Davis,26,66,88
Terence Garvin,27,66,92
Cameron Malveaux,23,66,86
Luke Bowanko,27,66,87
Jeremy Clark,24,66,86
Cole Croston,24,66,86
Dakota Dozier,27,66,90
Folorunso Fatukasi,23,66,88
Rickey Hatley,24,66,89
Tanner Vallejo,23,66,84
De'Ondre Wesley,26,66,88
Alex Erickson,25,66,88
Bryce Harris,29,66,93
Jaylen Hill,24,66,82
Ryan Malleck,25,66,87
Tony McRae,25,66,89
Alex Redmond,23,66,78
Josh Tupou,24,66,84
Christian Westerman,25,66,89
Jarveon Williams,23,66,81
James Burgess Jr,24,66,89
Julie'n Davenport,23,66,91
Kurtis Drummond,26,66,90
Marcus Hardison,26,66,87
Anthony Johnson,25,66,92
Kendall Lamm,26,66,93
Chris Milton,25,66,92
Jay Prosch,26,66,95
David Quessenberry,28,66,95
Jordan Thomas,22,66,88
Chris Thompson,24,66,84
Dee Virgin,24,66,88
Danny Vitale,24,66,90
Jeremy Vujnovich,27,66,88
DeAndrew White,26,66,71
Kasen Williams,26,66,83
Tommy Bohanon,27,66,88
Josh Carraway,24,66,89
Xavier Su'a-Filo,27,66,94
Demontre Hurst,27,66,92
Andy Janovich,25,66,87
Will Richardson Jr,22,66,81
Dennis Kelly,28,66,92
Corey Levin,24,66,89
Scott Orndoff,24,66,87
Donald Payne,24,66,89
William Poehls,26,66,84
Chris Reed,26,66,84
Tyler Shatley,27,66,92
Dymonte Thomas,24,66,87
Brynden Trawick,28,66,92
Julius Warmsley,28,66,86
Menelik Watson,29,66,92
Algernon Brown,26,66,85
Cameron Erving,26,66,93
Leon McQuay III,23,66,87
Cardale Jones,25,66,90
Shalom Luani,24,66,89
Spencer Pulley,25,66,89
Jeff Richards,27,66,86
David Sharpe,22,66,90
Nelson Spruce,25,66,86
Jylan Ware,24,66,90
Derek Watt,25,66,90
Bryan Witzmann,28,66,94
Chris Covington,22,66,88
A.J. Francis,27,66,90
Grant Haley,22,66,86
Matt Jones,25,66,76
Ryan O'Malley,25,66,90
Joe Ostman,23,66,83
Brian Price,24,66,86
Kalif Raymond,24,66,86
Kristjan Sokoli,26,66,90
David Wells,23,66,89
Teddy Williams,30,66,80
Tony Bergstrom,32,66,90
Kapri Bibbs,25,66,92
Donatello Brown,27,66,85
Deshazor Everett,26,66,89
Shaun Dion Hamilton,22,66,78
Danny Johnson,22,66,88
Cole Madison,23,66,90
Brian Mihalik,26,66,87
Lucas Patrick,25,66,82
Tim Settle,21,66,89
Hakeem Valles,25,66,85
Charles Washington,25,66,88
DeAngelo Yancey,23,66,96
Josh Andrews,27,66,92
Jermaine Carter Jr,23,66,90
Rashaad Coward,23,66,89
Demetrious Cox,24,66,90
Colby Gossett,23,66,91
Rashod Hill,26,66,87
Chris Manhertz,26,66,86
Jack Tocho,22,66,87
Eric Wilson,23,66,87
Caleb Benenoch,24,66,86
Jamil Douglas,26,66,93
Josh LeRibeus,29,66,87
Cameron Lynch,25,66,89
Arthur Maulet,25,66,88
Michael Ola,30,66,92
Foyesade Oluokun,23,66,89
Wes Schweitzer,24,66,89
Brian Allen,22,66,89
Willie Beavers,24,66,89
Chunky Clements,23,66,80
DeAndre Elliott,25,66,86
Tre Flowers,23,66,90
Jamarco Jones,22,66,89
Justin Lawler,23,66,92
Rees Odhiambo,25,66,79
Jordan Roos,25,66,86
Garrett Sickels,23,66,81
Mike Tyson,25,66,92
Trevon Young,23,66,69
Torry McTyer,23,65,88
Quentin Poling,24,65,91
Maurice Smith,23,65,87
Sam Young,31,65,93
Malachi Dupre,22,65,89
Ulrick John,26,65,84
Derrick Jones,23,65,87
Brandon King,25,65,88
Xavier Woodson-Luster,23,65,86
Charone Peake,25,65,82
Adam Redmond,25,65,87
Christian Sam,22,65,82
Nat Berhe,27,65,92
Bam Bradley,24,65,81
Chuck Clark,23,65,93
Jermaine Eluemunor,23,65,92
Brian Hill,22,65,95
Landry Jones,29,65,90
Hardy Nickerson,24,65,90
Matt Skura,25,65,90
Deyshawn Bond,24,65,88
Tyler Ervin,24,65,86
Josh Ferguson,25,65,88
Avery Gennesy,24,65,89
LaTroy Lewis,24,65,88
Greg Mancz,26,65,90
Skai Moore,23,65,85
Jamal Carter,24,65,91
J.J. Dielman,24,65,86
Luke Falk,23,65,85
Rico Gafford,22,65,90
Jerrol Garcia-Williams,24,65,86
Quenton Meeks,22,65,83
Brian Parker,26,65,90
Kyle Peko,25,65,88
Cody Wichmann,26,65,92
Connor Cook,25,65,91
Jordan Devey,30,65,87
Makinton Dorleant,25,65,88
Alex Ellis,25,65,86
Brandon Facyson,23,65,82
Dillon Gordon,24,65,81
Scott Quessenberry,23,65,83
Ian Silberman,25,65,87
Darrel Williams,23,65,89
Richard Ash,26,65,88
De'Vante Bausby,27,65,87
Taylor Hart,27,65,92
Bruce Hector,23,65,81
Damien Mama,23,65,88
Marcus Martin,24,65,83
Curtis Riley,26,65,90
Isaac Seumalo,24,65,87
Shane Smith,25,65,92
Byron Bell,29,65,90
Matt Cassel,36,65,86
Joe Dahl,25,65,90
Maurice Harris,25,65,88
Byron Marshall,24,65,78
Colt McCoy,31,65,88
Kyle Murphy,24,65,90
Corey Robinson,26,65,89
Jeremiah Valoaga,23,65,84
Jonathan Anderson,26,65,90
Alex Armah,24,65,95
Deon Bush,25,65,89
Blaine Clausell,26,65,90
Devante Downs,22,65,84
Rashard Fant,23,65,86
Deiondre' Hall,24,65,88
Holton Hill,21,65,85
Michael Joseph,23,65,89
Cole Luke,23,65,87
Jeremiah Sirles,27,65,86
Antony Auclair,25,65,86
J.T. Barrett,23,65,86
Austin Carr,24,65,88
Adam Gettis,29,65,77
Sean Harlow,23,65,89
Isaiah Johnson,25,65,90
DaVonte Lambert,24,65,87
Rick Leonard,21,65,89
Tommylee Lewis,25,65,84
Ricky Ortiz,24,65,85
Anthony Winbush,23,65,86
Austin Blythe,26,65,93
Aaron Burbridge,24,65,90
Jeremy Cash,25,65,84
Marqui Christian,23,65,88
Pharoh Cooper,23,65,88
Brock Coyle,27,65,93
Jamil Demby,22,65,92
Jake Eldrenkamp,24,65,87
Marcell Harris,24,65,82
Joey Hunt,24,65,89
Larry Rose III,22,65,88
Marcus Johnson,24,65,86
Isaiah Johnson,26,65,88
Jacob Martin,22,65,90
Tarvarus McFadden,21,65,91
Jeremy McNichols,22,65,89
David Moore,23,65,91
Johnny Mundt,23,65,86
Pace Murphy,24,65,84
Edmond Robinson,26,65,88
Rashad Ross,28,65,88
John Wetzel,27,65,84
Darrell Williams,25,65,87
Taveze Calhoun,25,64,86
Senorise Perry,26,64,83
Eric Smith,22,64,88
Quan Bray,25,64,86
Nicholas Grigsby,26,64,91
Conor McDermott,25,64,88
Brent Qvale,27,64,88
Brandon Bell,23,64,86
Moritz Boehringer,24,64,91
Bradley Bozeman,23,64,88
Bobby Hart,24,64,93
Lavon Hooks,26,64,88
T.J. Johnson,28,64,92
Keith Kelsey Jr,23,64,93
Darious Williams,25,64,88
Brandon Wilson,24,64,89
Matthew Adams,22,64,90
Tyreek Burwell,26,64,88
Matthew Dayes,23,64,87
Geoff Gray,23,64,81
Desmond Harrison,24,64,86
Ronald Martin Jr,25,64,86
Denzel Rice,25,64,89
Deontay Burnett,20,64,83
Dee Delaney,23,64,86
Brooks Ellis,23,64,94
De'Angelo Henderson,25,64,88
Sam Jones,22,64,86
Joshua Kalu,23,64,85
Allen Lazard,22,64,81
Jordan Leslie,26,64,82
Elijah Wilkinson,23,64,88
Nick Williams,27,64,92
Daniel Braverman,24,64,88
Geremy Davis,26,64,83
Breno Giacomini,32,64,91
Erik Harris,28,64,89
Albert Havili,23,64,87
A.J. Hendy,25,64,88
Chris Warren III,22,64,82
K.D. Cannon,22,64,85
Ethan Cooper,23,64,86
Joe Looney,28,64,85
Romeo Okwara,23,64,88
Hunter Sharp,24,64,87
Aziz Shittu,24,64,86
Orion Stewart,24,64,91
Nate Sudfeld,24,64,90
Chandon Sullivan,22,64,91
Mike White,23,64,94
Josh Harvey-Clemons,24,64,88
Simmie Cobbs Jr,23,64,86
Kendall Donnerson,22,64,90
Andy Jones,24,64,89
Kyle Kalis,24,64,87
Bradley Marquez,25,64,88
Aaron Ripkowski,26,64,88
Herb Waters,25,64,89
Mack Brown,26,64,88
Reshard Cliett,26,64,86
Hroniss Grasu,27,64,87
Hercules Mata'afa,21,64,91
Greg Van Roten,28,64,91
Kyle Sloter,24,64,90
Andre Smith,21,64,86
Roc Thomas,22,64,86
Bobo Wilson Jr,23,64,87
Freddie Martino,26,64,90
David Rivers,24,64,89
Brad Seaton,24,64,87
Channing Ward,25,64,87
Victor Bolden Jr,23,64,91
Henry Krieger-Coble,26,64,90
Korey Cunningham,23,64,89
Austin Davis,29,64,92
D.J. Foster,24,64,87
Temarrick Hemingway,25,64,89
Gabe Holmes,27,64,82
Deatrick Nichols,24,64,91
Vinston Painter,28,64,83
Tyvis Powell,24,64,88
Tegray Scales,22,64,88
Bryce Williams,23,64,87
Lou Young,26,64,87
Zach Sterup,26,63,88
Doug Middleton,24,63,87
Quincy Adeboyejo,23,63,88
Joshua Frazier,22,63,91
Quadree Henderson,21,63,88
Kent Perkins,23,63,90
Greg Senat,23,63,90
Maurquice Shakir,24,63,90
Rod Taylor,23,63,83
B.J. Bello,23,63,84
Le'Raven Clark,25,63,90
Mark Glowinski,26,63,92
Montrel Meander,23,63,85
Stephen Morris,26,63,85
Chad Slade,26,63,91
Kenny Bell,26,63,77
Sharif Finch,22,63,83
C.J. Smith III,25,63,87
Tyler Marz,25,63,82
David Williams,24,63,88
Nick Dzubnar,27,63,87
Chris Landrum,25,63,88
Michael Schofield,27,63,94
Sam Tevi,23,63,89
Cole Toner,24,63,87
Joe Callahan,25,63,89
Kyle Carter,25,63,87
Kadeem Edwards,27,63,93
Aaron Evans,23,63,85
Chaz Green,26,63,77
Tre'von Johnson,23,63,88
Calvin Munson,23,63,86
Eric Pinkins,27,63,92
Stephen Roberts,22,63,83
Daniel Ross,25,63,82
Cooper Rush,24,63,92
Jordan Williams,25,63,89
Alex Balducci,24,63,89
Robert Davis,23,63,92
Reggie Gilbert,25,63,94
Kenny Ladler,26,63,93
Tyler Lancaster,23,63,86
Stefan McClure,25,63,79
Chris Odom,23,63,85
Adam Pankey,24,63,87
Michael Burton,26,63,91
Mose Frazier,24,63,85
Eric Kush,28,63,87
Tray Matthews,23,63,81
Storm Norton,24,63,84
Brandon Zylstra,25,63,86
Deante Burton,24,63,86
Mackendy Cheridor,23,63,86
John Fullington,27,63,87
Nigel Harris,23,63,88
Devaroe Lawrence,25,63,86
Bernard Reedy,26,63,90
Leonard Wester,25,63,86
Isaiah Battle,25,63,90
Derrick Coleman,27,63,87
Jalston Fowler,28,63,79
Alec James,23,63,84
Steven Mitchell Jr,24,63,80
Erik Magnuson,24,63,79
Emmanuel Moseley,22,63,92
Matthew Oplinger,22,63,87
Elijhaa Penny,25,63,80
Jacob Pugh,22,63,83
Greg Pyke,25,63,93
Beau Sandland,25,63,90
Mike Thomas,24,63,90
Darrell Williams,25,63,89
Jake Brendel,25,62,90
Kaelin Clay,26,62,81
Danny Etling,24,62,92
Josh James,25,62,90
Brandon Reilly,24,62,88
Andrew Donnal,26,62,84
Jarvion Franklin,22,62,89
Jake McGee,26,62,78
Justin Murray,25,62,87
Marcus Tucker,25,62,87
Logan Woodside,23,62,89
Dres Anderson,26,62,75
K.J. Brent,25,62,87
Brad Kaaya,22,62,92
Austin Reiter,26,62,91
Brandon Weeden,34,62,89
Keishawn Bierria,23,62,94
Matt Dickerson,22,62,84
Darius Jackson,23,62,88
Kc McDermott,22,62,87
Marcus Rios,23,62,83
John Theus,24,62,92
Josh Walker,27,62,90
Ethan Wolf,22,62,87
Zachary Crabtree,23,62,89
Russell Hansbrough,24,62,88
Marcus Kemp,23,62,83
Artavis Scott,23,62,92
Nic Shimonek,24,62,89
Sean Chandler,22,62,88
Jon Halapio,27,62,78
Jordan Mailata,21,62,93
Toby Weathersby,21,62,88
Devante Mays,24,62,87
Rolan Milligan,24,62,85
Conor Sheehy,22,62,88
Dan Skipper,23,62,94
Fish Smithson,24,62,88
Isaiah Williams,25,62,88
Dejon Allen,24,62,86
Chad Beebe,24,62,80
Blake Bell,27,62,84
Kyle Friend,24,62,89
Trevon Mathis,22,62,86
Ryan Nall,22,62,84
Kurt Benkert,23,62,83
Marcelis Branch,24,62,86
Daniel Brunskill,24,62,91
Will Clapp,21,62,89
Reggie Davis,22,62,85
Godwin Igwebuike,23,62,91
Sharrod Neasman,26,62,88
Dennis Gardeck,24,62,87
Travin Howard,22,62,88
Akeem King,26,62,90
Sean Mannion,26,62,89
Tavierre Thomas,22,62,89
Avery Young,25,62,88
Cayson Collins,22,61,84
Connor Hilland,23,61,84
Rashawn Scott,26,61,77
Ben Braden,24,61,91
Gus Edwards,23,61,88
Jake Rodgers,26,61,79
Jamar Summers,23,61,87
Davin Bellamy,23,61,80
Anthony Fabiano,25,61,79
Kyle Fuller,24,61,91
Charley Hughlett,28,61,90
Marquez Williams,24,61,87
Darius Jennings,26,61,90
Tanner Lee,23,61,89
Tim Patrick,24,61,77
Shane Wynn,25,61,75
Brett Boyko,26,61,86
Donavon Clark,25,61,93
Cole Hunt,24,61,78
Matt McGloin,28,61,92
Trenton Scott,24,61,90
Nick Becton,28,61,90
Amba Etta-Tawo,24,61,91
Darrell Greene,25,61,91
Joel Lanning,23,61,85
Trevor Bates,25,61,91
Jace Billingsley,25,61,87
Quin Blanding,22,61,89
Tyler Catalina,25,61,88
Dillon Day,26,61,93
Greer Martini,23,61,87
Pete Robertson,25,61,84
Jermaine Whitehead,26,61,89
Tanner Gentry,23,61,84
Bunmi Rotimi,23,61,83
Dontez Byrd,23,61,85
Jon Cunningham,23,61,88
Travin Dural,24,61,83
Emmanuel Ellerbee,21,61,87
Matt Gono,22,61,92
Tyson Graham,24,61,84
Ryan Griffin,28,61,90
J'Terius Jones,24,61,87
Jake Lampman,24,61,87
Jacob Tuioti-Mariner,22,61,87
Cameron Tom,23,61,94
Salesi Uhatafe,23,61,87
Brandon Allen,25,61,85
Moubarak Djeri,22,61,86
Dominique Hatfield,23,61,89
Will House,23,61,85
Max McCaffrey,24,61,87
Alex McGough,22,61,92
Ezekiel Turner,22,61,87
Andrew Vollert,23,61,87
Claudy Mathieu,25,60,87
Matthew Thomas,23,60,82
Fitzgerald Toussaint,28,60,87
Kendal Vickers,23,60,85
Montay Crockett,24,60,85
Matt Diaz,23,60,83
David Fluellen,26,60,85
Brandon Wilds,25,60,82
Keon Hatcher,23,60,88
Dee Liner,24,60,87
Keith Smith,26,60,90
D'Montre Wade,23,60,84
Marquis Bundy,24,60,81
Tyrell Chavis,24,60,88
Bryce Johnson,23,60,89
Jeremy Reaves,22,60,85
Jameill Showers,26,60,87
Antwuan Davis,23,60,87
Raven Greene,23,60,87
Demetrius Rhaney,26,60,92
Jake Rudock,25,60,89
Tyler Bray,26,60,87
Cornelius Edison,25,60,88
Taylor Hearn,22,60,91
Elijah Hood,22,60,88
Jamaal Jones,25,60,87
Dieugot Joseph,24,60,91
Justin Crawford,23,60,90
Russell Gage,22,60,89
Taysom Hill,28,60,81
Givens Price,23,60,85
Emmanuel Smith,23,60,88
Josh Allen2,26,60,90
Vontarrius Dora,25,60,89
A.J. Howard,22,60,93
Daniel Munyer,26,60,91
Owen Obasuyi,22,60,86
Alvin Jones,23,59,85
Josh Woodrum,25,59,87
Damon Webb II,22,59,84
D'Juan Hines,23,59,86
Tejan Koroma,22,59,94
Kahlil McKenzie,23,59,90
Thurston Armbrister,25,59,86
Nick Gates,22,59,83
Darius Jackson,24,59,89
Jon Toth,24,59,88
Joe Kerridge,25,59,90
Kyle Meadows,22,59,84
Beau Nunn,23,59,87
DeMarcus Ayers,24,59,91
Austin Duke,25,59,83
Alan Cross,25,59,87
Dalton Crossan,24,59,88
Richard Jarvis,23,59,85
Austin Johnson,29,59,91
Aaron Neary,25,59,90
David Steinmetz,23,58,84
Joseph Cheek,25,58,93
Parker Cothren,24,58,86
Austin Fleer,23,58,86
Evan Berry,22,58,83
Krishawn Hogan,23,58,92
Nick DeLuca,23,58,82
Nico Falah,23,58,84
Ben Niemann,23,58,88
Michael Clark,22,58,87
Garrett Gilbert,27,58,84
Carlton Agudosi,24,58,87
Lawrence Thomas,25,57,87
Alex Thompson,23,57,83
Fred Lauina,23,57,88
Andrew DePaola,31,57,92
Chris Gonzalez,23,57,88
Garrett Grayson,27,57,83
J.C. Hassenauer,22,57,87
Keenan Reynolds,23,57,92
Don Muhlbach,37,56,92
Tim White,24,55,85
Isaac Whitney,24,55,85
Taylor Heinicke,25,55,89
Tra Carson,25,54,90
Clark Harris,34,54,88
Nick Sundberg,31,54,85
Zak DeOssie,34,52,89
Josh Harris,29,52,95
Kevin McDermott,28,51,92
John Denney,39,48,90
Beau Brinkley,28,47,92
Carson Tinker,28,47,92
Mike Windt,32,47,88
J.J. Jansen,32,47,92
Tyler Ott,26,47,86
Reid Ferguson,24,46,91
L.P. LaDouceur,37,46,88
Jake McQuaide,30,46,88
Aaron Brewer,28,44,92
Thomas Hennessy,24,43,87
James Winchester,29,43,88
Rick Lovato,25,43,92
Kyle Nelson,31,43,92
Casey Kreiter,28,42,91
Morgan Cox,32,41,90
Jon Weeks,32,41,90
Patrick Scales,30,41,90
Kameron Canaday,25,40,92
Hunter Bradley,24,39,90
Joe Cardona,26,38,91
Drew Ferris,28,38,92
Luke Rhodes,25,36,89
Zach Wood,25,35,86